<?xml version='1.0' encoding='UTF-8'?>
<gpx version="1.1" creator="hullabaloo-route-optimizer" xmlns="http://www.topografix.com/GPX/1/1"><metadata><name>Hullabaloo optimized route</name><desc>score 35.37 = 20 trails + 15.37 unique miles, 7.0 h</desc></metadata><trk><name>Hullabaloo optimized route</name><trkseg><trkpt lat="37.2450346" lon="-80.4598044"><time>2026-01-01T08:00:00Z</time></trkpt><trkpt lat="37.2454600" lon="-80.4594300"><time>2026-01-01T08:00:12Z</time></trkpt><trkpt lat="37.2459000" lon="-80.4584400"><time>2026-01-01T08:00:25Z</time></trkpt><trkpt lat="37.2459100" lon="-80.4584000"><time>2026-01-01T08:00:37Z</time></trkpt><trkpt lat="37.2463200" lon="-80.4586500"><time>2026-01-01T08:00:50Z</time></trkpt><trkpt lat="37.2467017" lon="-80.4589353"><time>2026-01-01T08:01:02Z</time></trkpt><trkpt lat="37.2466400" lon="-80.4590500"><time>2026-01-01T08:01:15Z</time></trkpt><trkpt lat="37.2464779" lon="-80.4591755"><time>2026-01-01T08:01:28Z</time></trkpt><trkpt lat="37.2466900" lon="-80.4592600"><time>2026-01-01T08:01:40Z</time></trkpt><trkpt lat="37.2467100" lon="-80.4592900"><time>2026-01-01T08:01:53Z</time></trkpt><trkpt lat="37.2467100" lon="-80.4593200"><time>2026-01-01T08:02:05Z</time></trkpt><trkpt lat="37.2467000" lon="-80.4593400"><time>2026-01-01T08:02:18Z</time></trkpt><trkpt lat="37.2466000" lon="-80.4593300"><time>2026-01-01T08:02:31Z</time></trkpt><trkpt lat="37.2465500" lon="-80.4593400"><time>2026-01-01T08:02:43Z</time></trkpt><trkpt lat="37.2465000" lon="-80.4593700"><time>2026-01-01T08:02:56Z</time></trkpt><trkpt lat="37.2464300" lon="-80.4594800"><time>2026-01-01T08:03:08Z</time></trkpt><trkpt lat="37.2464300" lon="-80.4595500"><time>2026-01-01T08:03:21Z</time></trkpt><trkpt lat="37.2465100" lon="-80.4596200"><time>2026-01-01T08:03:34Z</time></trkpt><trkpt lat="37.2465300" lon="-80.4596200"><time>2026-01-01T08:03:46Z</time></trkpt><trkpt lat="37.2465500" lon="-80.4596100"><time>2026-01-01T08:03:59Z</time></trkpt><trkpt lat="37.2466400" lon="-80.4595200"><time>2026-01-01T08:04:11Z</time></trkpt><trkpt lat="37.2467100" lon="-80.4594800"><time>2026-01-01T08:04:24Z</time></trkpt><trkpt lat="37.2467800" lon="-80.4594700"><time>2026-01-01T08:04:37Z</time></trkpt><trkpt lat="37.2470300" lon="-80.4595400"><time>2026-01-01T08:04:49Z</time></trkpt><trkpt lat="37.2470600" lon="-80.4595800"><time>2026-01-01T08:05:02Z</time></trkpt><trkpt lat="37.2470900" lon="-80.4597100"><time>2026-01-01T08:05:14Z</time></trkpt><trkpt lat="37.2471200" lon="-80.4597500"><time>2026-01-01T08:05:27Z</time></trkpt><trkpt lat="37.2473300" lon="-80.4598700"><time>2026-01-01T08:05:40Z</time></trkpt><trkpt lat="37.2473500" lon="-80.4599000"><time>2026-01-01T08:05:52Z</time></trkpt><trkpt lat="37.2473600" lon="-80.4599300"><time>2026-01-01T08:06:05Z</time></trkpt><trkpt lat="37.2473800" lon="-80.4601200"><time>2026-01-01T08:06:17Z</time></trkpt><trkpt lat="37.2474400" lon="-80.4601600"><time>2026-01-01T08:06:30Z</time></trkpt><trkpt lat="37.2474600" lon="-80.4601900"><time>2026-01-01T08:06:42Z</time></trkpt><trkpt lat="37.2474600" lon="-80.4602200"><time>2026-01-01T08:06:55Z</time></trkpt><trkpt lat="37.2474375" lon="-80.4602925"><time>2026-01-01T08:07:08Z</time></trkpt><trkpt lat="37.2474000" lon="-80.4603000"><time>2026-01-01T08:07:20Z</time></trkpt><trkpt lat="37.2473500" lon="-80.4602800"><time>2026-01-01T08:07:33Z</time></trkpt><trkpt lat="37.2472600" lon="-80.4602000"><time>2026-01-01T08:07:45Z</time></trkpt><trkpt lat="37.2472300" lon="-80.4601600"><time>2026-01-01T08:07:58Z</time></trkpt><trkpt lat="37.2472200" lon="-80.4600400"><time>2026-01-01T08:08:11Z</time></trkpt><trkpt lat="37.2472000" lon="-80.4599700"><time>2026-01-01T08:08:23Z</time></trkpt><trkpt lat="37.2471400" lon="-80.4599000"><time>2026-01-01T08:08:36Z</time></trkpt><trkpt lat="37.2471000" lon="-80.4598900"><time>2026-01-01T08:08:48Z</time></trkpt><trkpt lat="37.2470100" lon="-80.4598900"><time>2026-01-01T08:09:01Z</time></trkpt><trkpt lat="37.2469800" lon="-80.4598800"><time>2026-01-01T08:09:14Z</time></trkpt><trkpt lat="37.2469400" lon="-80.4598600"><time>2026-01-01T08:09:26Z</time></trkpt><trkpt lat="37.2468600" lon="-80.4598000"><time>2026-01-01T08:09:39Z</time></trkpt><trkpt lat="37.2468000" lon="-80.4597700"><time>2026-01-01T08:09:51Z</time></trkpt><trkpt lat="37.2467500" lon="-80.4597600"><time>2026-01-01T08:10:04Z</time></trkpt><trkpt lat="37.2466600" lon="-80.4597900"><time>2026-01-01T08:10:17Z</time></trkpt><trkpt lat="37.2466200" lon="-80.4598200"><time>2026-01-01T08:10:29Z</time></trkpt><trkpt lat="37.2465600" lon="-80.4598900"><time>2026-01-01T08:10:42Z</time></trkpt><trkpt lat="37.2464400" lon="-80.4599700"><time>2026-01-01T08:10:54Z</time></trkpt><trkpt lat="37.2463700" lon="-80.4599700"><time>2026-01-01T08:11:07Z</time></trkpt><trkpt lat="37.2462700" lon="-80.4598600"><time>2026-01-01T08:11:20Z</time></trkpt><trkpt lat="37.2462300" lon="-80.4597800"><time>2026-01-01T08:11:32Z</time></trkpt><trkpt lat="37.2462100" lon="-80.4597100"><time>2026-01-01T08:11:45Z</time></trkpt><trkpt lat="37.2462000" lon="-80.4596600"><time>2026-01-01T08:11:57Z</time></trkpt><trkpt lat="37.2462100" lon="-80.4596300"><time>2026-01-01T08:12:10Z</time></trkpt><trkpt lat="37.2463300" lon="-80.4594500"><time>2026-01-01T08:12:23Z</time></trkpt><trkpt lat="37.2464500" lon="-80.4591900"><time>2026-01-01T08:12:35Z</time></trkpt><trkpt lat="37.2464779" lon="-80.4591755"><time>2026-01-01T08:12:48Z</time></trkpt><trkpt lat="37.2464700" lon="-80.4591800"><time>2026-01-01T08:13:00Z</time></trkpt><trkpt lat="37.2465000" lon="-80.4592400"><time>2026-01-01T08:13:13Z</time></trkpt><trkpt lat="37.2464500" lon="-80.4593200"><time>2026-01-01T08:13:25Z</time></trkpt><trkpt lat="37.2464400" lon="-80.4593600"><time>2026-01-01T08:13:38Z</time></trkpt><trkpt lat="37.2463000" lon="-80.4596500"><time>2026-01-01T08:13:51Z</time></trkpt><trkpt lat="37.2463000" lon="-80.4597300"><time>2026-01-01T08:14:03Z</time></trkpt><trkpt lat="37.2463700" lon="-80.4598300"><time>2026-01-01T08:14:16Z</time></trkpt><trkpt lat="37.2464000" lon="-80.4598500"><time>2026-01-01T08:14:28Z</time></trkpt><trkpt lat="37.2464800" lon="-80.4598500"><time>2026-01-01T08:14:41Z</time></trkpt><trkpt lat="37.2465300" lon="-80.4598100"><time>2026-01-01T08:14:54Z</time></trkpt><trkpt lat="37.2466700" lon="-80.4596000"><time>2026-01-01T08:15:06Z</time></trkpt><trkpt lat="37.2467200" lon="-80.4595800"><time>2026-01-01T08:15:19Z</time></trkpt><trkpt lat="37.2467500" lon="-80.4595900"><time>2026-01-01T08:15:31Z</time></trkpt><trkpt lat="37.2470100" lon="-80.4597700"><time>2026-01-01T08:15:44Z</time></trkpt><trkpt lat="37.2472400" lon="-80.4599100"><time>2026-01-01T08:15:57Z</time></trkpt><trkpt lat="37.2472700" lon="-80.4599600"><time>2026-01-01T08:16:09Z</time></trkpt><trkpt lat="37.2472900" lon="-80.4600300"><time>2026-01-01T08:16:22Z</time></trkpt><trkpt lat="37.2473100" lon="-80.4601600"><time>2026-01-01T08:16:34Z</time></trkpt><trkpt lat="37.2473400" lon="-80.4602000"><time>2026-01-01T08:16:47Z</time></trkpt><trkpt lat="37.2474400" lon="-80.4603000"><time>2026-01-01T08:17:00Z</time></trkpt><trkpt lat="37.2474375" lon="-80.4602925"><time>2026-01-01T08:17:12Z</time></trkpt><trkpt lat="37.2474400" lon="-80.4603000"><time>2026-01-01T08:17:25Z</time></trkpt><trkpt lat="37.2475300" lon="-80.4603200"><time>2026-01-01T08:17:37Z</time></trkpt><trkpt lat="37.2475900" lon="-80.4600200"><time>2026-01-01T08:17:50Z</time></trkpt><trkpt lat="37.2476000" lon="-80.4598900"><time>2026-01-01T08:18:03Z</time></trkpt><trkpt lat="37.2475800" lon="-80.4598200"><time>2026-01-01T08:18:15Z</time></trkpt><trkpt lat="37.2475100" lon="-80.4597000"><time>2026-01-01T08:18:28Z</time></trkpt><trkpt lat="37.2474800" lon="-80.4596200"><time>2026-01-01T08:18:40Z</time></trkpt><trkpt lat="37.2473500" lon="-80.4594100"><time>2026-01-01T08:18:53Z</time></trkpt><trkpt lat="37.2473000" lon="-80.4593600"><time>2026-01-01T08:19:06Z</time></trkpt><trkpt lat="37.2467600" lon="-80.4590400"><time>2026-01-01T08:19:18Z</time></trkpt><trkpt lat="37.2467017" lon="-80.4589353"><time>2026-01-01T08:19:31Z</time></trkpt><trkpt lat="37.2467200" lon="-80.4589100"><time>2026-01-01T08:19:43Z</time></trkpt><trkpt lat="37.2479043" lon="-80.4596522"><time>2026-01-01T08:19:56Z</time></trkpt><trkpt lat="37.2479200" lon="-80.4596900"><time>2026-01-01T08:20:08Z</time></trkpt><trkpt lat="37.2479300" lon="-80.4597300"><time>2026-01-01T08:20:21Z</time></trkpt><trkpt lat="37.2480000" lon="-80.4598600"><time>2026-01-01T08:20:34Z</time></trkpt><trkpt lat="37.2480100" lon="-80.4599000"><time>2026-01-01T08:20:46Z</time></trkpt><trkpt lat="37.2480100" lon="-80.4599300"><time>2026-01-01T08:20:59Z</time></trkpt><trkpt lat="37.2480000" lon="-80.4599600"><time>2026-01-01T08:21:11Z</time></trkpt><trkpt lat="37.2479600" lon="-80.4599900"><time>2026-01-01T08:21:24Z</time></trkpt><trkpt lat="37.2479500" lon="-80.4599800"><time>2026-01-01T08:21:37Z</time></trkpt><trkpt lat="37.2479600" lon="-80.4599900"><time>2026-01-01T08:21:49Z</time></trkpt><trkpt lat="37.2480000" lon="-80.4599600"><time>2026-01-01T08:22:02Z</time></trkpt><trkpt lat="37.2480100" lon="-80.4599300"><time>2026-01-01T08:22:14Z</time></trkpt><trkpt lat="37.2480100" lon="-80.4599000"><time>2026-01-01T08:22:27Z</time></trkpt><trkpt lat="37.2480000" lon="-80.4598600"><time>2026-01-01T08:22:40Z</time></trkpt><trkpt lat="37.2479300" lon="-80.4597300"><time>2026-01-01T08:22:52Z</time></trkpt><trkpt lat="37.2479200" lon="-80.4596900"><time>2026-01-01T08:23:05Z</time></trkpt><trkpt lat="37.2479043" lon="-80.4596522"><time>2026-01-01T08:23:17Z</time></trkpt><trkpt lat="37.2481049" lon="-80.4597779"><time>2026-01-01T08:23:30Z</time></trkpt><trkpt lat="37.2481500" lon="-80.4598400"><time>2026-01-01T08:23:43Z</time></trkpt><trkpt lat="37.2484300" lon="-80.4600100"><time>2026-01-01T08:23:55Z</time></trkpt><trkpt lat="37.2484900" lon="-80.4600400"><time>2026-01-01T08:24:08Z</time></trkpt><trkpt lat="37.2485384" lon="-80.4600497"><time>2026-01-01T08:24:20Z</time></trkpt><trkpt lat="37.2509800" lon="-80.4615800"><time>2026-01-01T08:24:33Z</time></trkpt><trkpt lat="37.2510200" lon="-80.4617900"><time>2026-01-01T08:24:46Z</time></trkpt><trkpt lat="37.2510400" lon="-80.4622300"><time>2026-01-01T08:24:58Z</time></trkpt><trkpt lat="37.2511400" lon="-80.4625600"><time>2026-01-01T08:25:11Z</time></trkpt><trkpt lat="37.2511367" lon="-80.4626162"><time>2026-01-01T08:25:23Z</time></trkpt><trkpt lat="37.2511200" lon="-80.4626700"><time>2026-01-01T08:25:36Z</time></trkpt><trkpt lat="37.2508000" lon="-80.4629100"><time>2026-01-01T08:25:48Z</time></trkpt><trkpt lat="37.2507700" lon="-80.4631800"><time>2026-01-01T08:26:01Z</time></trkpt><trkpt lat="37.2507800" lon="-80.4633700"><time>2026-01-01T08:26:14Z</time></trkpt><trkpt lat="37.2506300" lon="-80.4635400"><time>2026-01-01T08:26:26Z</time></trkpt><trkpt lat="37.2506456" lon="-80.4636282"><time>2026-01-01T08:26:39Z</time></trkpt><trkpt lat="37.2506700" lon="-80.4637300"><time>2026-01-01T08:26:51Z</time></trkpt><trkpt lat="37.2510100" lon="-80.4636000"><time>2026-01-01T08:27:04Z</time></trkpt><trkpt lat="37.2510600" lon="-80.4636400"><time>2026-01-01T08:27:17Z</time></trkpt><trkpt lat="37.2510300" lon="-80.4638500"><time>2026-01-01T08:27:29Z</time></trkpt><trkpt lat="37.2512500" lon="-80.4640400"><time>2026-01-01T08:27:42Z</time></trkpt><trkpt lat="37.2514700" lon="-80.4641400"><time>2026-01-01T08:27:54Z</time></trkpt><trkpt lat="37.2517700" lon="-80.4641600"><time>2026-01-01T08:28:07Z</time></trkpt><trkpt lat="37.2518700" lon="-80.4643600"><time>2026-01-01T08:28:20Z</time></trkpt><trkpt lat="37.2521400" lon="-80.4643500"><time>2026-01-01T08:28:32Z</time></trkpt><trkpt lat="37.2525200" lon="-80.4646300"><time>2026-01-01T08:28:45Z</time></trkpt><trkpt lat="37.2522700" lon="-80.4655600"><time>2026-01-01T08:28:57Z</time></trkpt><trkpt lat="37.2522300" lon="-80.4660400"><time>2026-01-01T08:29:10Z</time></trkpt><trkpt lat="37.2522700" lon="-80.4662900"><time>2026-01-01T08:29:23Z</time></trkpt><trkpt lat="37.2525400" lon="-80.4667900"><time>2026-01-01T08:29:35Z</time></trkpt><trkpt lat="37.2527300" lon="-80.4672500"><time>2026-01-01T08:29:48Z</time></trkpt><trkpt lat="37.2532700" lon="-80.4677500"><time>2026-01-01T08:30:00Z</time></trkpt><trkpt lat="37.2535100" lon="-80.4678300"><time>2026-01-01T08:30:13Z</time></trkpt><trkpt lat="37.2541000" lon="-80.4675600"><time>2026-01-01T08:30:26Z</time></trkpt><trkpt lat="37.2543800" lon="-80.4673500"><time>2026-01-01T08:30:38Z</time></trkpt><trkpt lat="37.2546300" lon="-80.4674000"><time>2026-01-01T08:30:51Z</time></trkpt><trkpt lat="37.2549300" lon="-80.4677000"><time>2026-01-01T08:31:03Z</time></trkpt><trkpt lat="37.2549700" lon="-80.4680300"><time>2026-01-01T08:31:16Z</time></trkpt><trkpt lat="37.2549500" lon="-80.4684100"><time>2026-01-01T08:31:29Z</time></trkpt><trkpt lat="37.2549800" lon="-80.4685700"><time>2026-01-01T08:31:41Z</time></trkpt><trkpt lat="37.2555800" lon="-80.4694000"><time>2026-01-01T08:31:54Z</time></trkpt><trkpt lat="37.2555801" lon="-80.4694184"><time>2026-01-01T08:32:06Z</time></trkpt><trkpt lat="37.2557000" lon="-80.4694600"><time>2026-01-01T08:32:19Z</time></trkpt><trkpt lat="37.2557600" lon="-80.4694000"><time>2026-01-01T08:32:31Z</time></trkpt><trkpt lat="37.2556200" lon="-80.4690000"><time>2026-01-01T08:32:44Z</time></trkpt><trkpt lat="37.2556200" lon="-80.4688700"><time>2026-01-01T08:32:57Z</time></trkpt><trkpt lat="37.2557600" lon="-80.4689300"><time>2026-01-01T08:33:09Z</time></trkpt><trkpt lat="37.2561100" lon="-80.4693600"><time>2026-01-01T08:33:22Z</time></trkpt><trkpt lat="37.2562200" lon="-80.4693600"><time>2026-01-01T08:33:34Z</time></trkpt><trkpt lat="37.2562700" lon="-80.4691900"><time>2026-01-01T08:33:47Z</time></trkpt><trkpt lat="37.2564600" lon="-80.4693900"><time>2026-01-01T08:34:00Z</time></trkpt><trkpt lat="37.2566700" lon="-80.4698300"><time>2026-01-01T08:34:12Z</time></trkpt><trkpt lat="37.2567100" lon="-80.4700800"><time>2026-01-01T08:34:25Z</time></trkpt><trkpt lat="37.2573200" lon="-80.4697200"><time>2026-01-01T08:34:37Z</time></trkpt><trkpt lat="37.2575600" lon="-80.4697300"><time>2026-01-01T08:34:50Z</time></trkpt><trkpt lat="37.2579000" lon="-80.4699100"><time>2026-01-01T08:35:03Z</time></trkpt><trkpt lat="37.2581700" lon="-80.4699300"><time>2026-01-01T08:35:15Z</time></trkpt><trkpt lat="37.2583400" lon="-80.4701400"><time>2026-01-01T08:35:28Z</time></trkpt><trkpt lat="37.2583000" lon="-80.4702800"><time>2026-01-01T08:35:40Z</time></trkpt><trkpt lat="37.2577900" lon="-80.4708000"><time>2026-01-01T08:35:53Z</time></trkpt><trkpt lat="37.2576700" lon="-80.4711100"><time>2026-01-01T08:36:06Z</time></trkpt><trkpt lat="37.2577400" lon="-80.4717500"><time>2026-01-01T08:36:18Z</time></trkpt><trkpt lat="37.2577750" lon="-80.4719750"><time>2026-01-01T08:36:31Z</time></trkpt><trkpt lat="37.2578011" lon="-80.4719082"><time>2026-01-01T08:36:43Z</time></trkpt><trkpt lat="37.2578280" lon="-80.4718742"><time>2026-01-01T08:36:56Z</time></trkpt><trkpt lat="37.2578549" lon="-80.4718402"><time>2026-01-01T08:37:09Z</time></trkpt><trkpt lat="37.2578818" lon="-80.4718062"><time>2026-01-01T08:37:21Z</time></trkpt><trkpt lat="37.2579086" lon="-80.4717722"><time>2026-01-01T08:37:34Z</time></trkpt><trkpt lat="37.2579355" lon="-80.4717381"><time>2026-01-01T08:37:46Z</time></trkpt><trkpt lat="37.2579624" lon="-80.4717041"><time>2026-01-01T08:37:59Z</time></trkpt><trkpt lat="37.2579893" lon="-80.4716701"><time>2026-01-01T08:38:12Z</time></trkpt><trkpt lat="37.2580162" lon="-80.4716361"><time>2026-01-01T08:38:24Z</time></trkpt><trkpt lat="37.2580431" lon="-80.4716021"><time>2026-01-01T08:38:37Z</time></trkpt><trkpt lat="37.2580700" lon="-80.4715680"><time>2026-01-01T08:38:49Z</time></trkpt><trkpt lat="37.2580969" lon="-80.4715340"><time>2026-01-01T08:39:02Z</time></trkpt><trkpt lat="37.2581238" lon="-80.4715000"><time>2026-01-01T08:39:14Z</time></trkpt><trkpt lat="37.2581507" lon="-80.4714660"><time>2026-01-01T08:39:27Z</time></trkpt><trkpt lat="37.2581775" lon="-80.4714320"><time>2026-01-01T08:39:40Z</time></trkpt><trkpt lat="37.2582044" lon="-80.4713979"><time>2026-01-01T08:39:52Z</time></trkpt><trkpt lat="37.2582313" lon="-80.4713639"><time>2026-01-01T08:40:05Z</time></trkpt><trkpt lat="37.2582584" lon="-80.4713637"><time>2026-01-01T08:40:17Z</time></trkpt><trkpt lat="37.2582854" lon="-80.4713635"><time>2026-01-01T08:40:30Z</time></trkpt><trkpt lat="37.2583124" lon="-80.4713634"><time>2026-01-01T08:40:43Z</time></trkpt><trkpt lat="37.2583395" lon="-80.4713632"><time>2026-01-01T08:40:55Z</time></trkpt><trkpt lat="37.2583665" lon="-80.4713630"><time>2026-01-01T08:41:08Z</time></trkpt><trkpt lat="37.2583936" lon="-80.4713628"><time>2026-01-01T08:41:20Z</time></trkpt><trkpt lat="37.2584206" lon="-80.4713626"><time>2026-01-01T08:41:33Z</time></trkpt><trkpt lat="37.2584476" lon="-80.4713624"><time>2026-01-01T08:41:46Z</time></trkpt><trkpt lat="37.2584747" lon="-80.4713622"><time>2026-01-01T08:41:58Z</time></trkpt><trkpt lat="37.2585017" lon="-80.4713620"><time>2026-01-01T08:42:11Z</time></trkpt><trkpt lat="37.2585288" lon="-80.4713618"><time>2026-01-01T08:42:23Z</time></trkpt><trkpt lat="37.2585558" lon="-80.4713617"><time>2026-01-01T08:42:36Z</time></trkpt><trkpt lat="37.2585829" lon="-80.4713615"><time>2026-01-01T08:42:49Z</time></trkpt><trkpt lat="37.2586099" lon="-80.4713613"><time>2026-01-01T08:43:01Z</time></trkpt><trkpt lat="37.2586369" lon="-80.4713611"><time>2026-01-01T08:43:14Z</time></trkpt><trkpt lat="37.2586638" lon="-80.4713271"><time>2026-01-01T08:43:26Z</time></trkpt><trkpt lat="37.2586909" lon="-80.4713269"><time>2026-01-01T08:43:39Z</time></trkpt><trkpt lat="37.2587179" lon="-80.4713267"><time>2026-01-01T08:43:52Z</time></trkpt><trkpt lat="37.2587449" lon="-80.4713265"><time>2026-01-01T08:44:04Z</time></trkpt><trkpt lat="37.2587720" lon="-80.4713263"><time>2026-01-01T08:44:17Z</time></trkpt><trkpt lat="37.2587990" lon="-80.4713261"><time>2026-01-01T08:44:29Z</time></trkpt><trkpt lat="37.2588261" lon="-80.4713259"><time>2026-01-01T08:44:42Z</time></trkpt><trkpt lat="37.2588531" lon="-80.4713257"><time>2026-01-01T08:44:55Z</time></trkpt><trkpt lat="37.2588802" lon="-80.4713256"><time>2026-01-01T08:45:07Z</time></trkpt><trkpt lat="37.2589070" lon="-80.4712915"><time>2026-01-01T08:45:20Z</time></trkpt><trkpt lat="37.2589339" lon="-80.4712575"><time>2026-01-01T08:45:32Z</time></trkpt><trkpt lat="37.2589610" lon="-80.4712573"><time>2026-01-01T08:45:45Z</time></trkpt><trkpt lat="37.2589880" lon="-80.4712571"><time>2026-01-01T08:45:57Z</time></trkpt><trkpt lat="37.2590151" lon="-80.4712570"><time>2026-01-01T08:46:10Z</time></trkpt><trkpt lat="37.2590421" lon="-80.4712568"><time>2026-01-01T08:46:23Z</time></trkpt><trkpt lat="37.2590691" lon="-80.4712566"><time>2026-01-01T08:46:35Z</time></trkpt><trkpt lat="37.2590962" lon="-80.4712564"><time>2026-01-01T08:46:48Z</time></trkpt><trkpt lat="37.2591232" lon="-80.4712562"><time>2026-01-01T08:47:00Z</time></trkpt><trkpt lat="37.2591503" lon="-80.4712560"><time>2026-01-01T08:47:13Z</time></trkpt><trkpt lat="37.2591773" lon="-80.4712558"><time>2026-01-01T08:47:26Z</time></trkpt><trkpt lat="37.2592043" lon="-80.4712556"><time>2026-01-01T08:47:38Z</time></trkpt><trkpt lat="37.2592314" lon="-80.4712554"><time>2026-01-01T08:47:51Z</time></trkpt><trkpt lat="37.2592584" lon="-80.4712553"><time>2026-01-01T08:48:03Z</time></trkpt><trkpt lat="37.2592855" lon="-80.4712551"><time>2026-01-01T08:48:16Z</time></trkpt><trkpt lat="37.2593125" lon="-80.4712549"><time>2026-01-01T08:48:29Z</time></trkpt><trkpt lat="37.2593500" lon="-80.4712700"><time>2026-01-01T08:48:41Z</time></trkpt><trkpt lat="37.2593700" lon="-80.4712700"><time>2026-01-01T08:48:54Z</time></trkpt><trkpt lat="37.2593700" lon="-80.4713200"><time>2026-01-01T08:49:06Z</time></trkpt><trkpt lat="37.2593900" lon="-80.4714300"><time>2026-01-01T08:49:19Z</time></trkpt><trkpt lat="37.2594400" lon="-80.4715700"><time>2026-01-01T08:49:32Z</time></trkpt><trkpt lat="37.2594800" lon="-80.4716400"><time>2026-01-01T08:49:44Z</time></trkpt><trkpt lat="37.2595500" lon="-80.4716900"><time>2026-01-01T08:49:57Z</time></trkpt><trkpt lat="37.2596230" lon="-80.4717681"><time>2026-01-01T08:50:09Z</time></trkpt><trkpt lat="37.2596500" lon="-80.4717400"><time>2026-01-01T08:50:22Z</time></trkpt><trkpt lat="37.2597400" lon="-80.4717300"><time>2026-01-01T08:50:35Z</time></trkpt><trkpt lat="37.2598500" lon="-80.4716700"><time>2026-01-01T08:50:47Z</time></trkpt><trkpt lat="37.2599600" lon="-80.4715500"><time>2026-01-01T08:51:00Z</time></trkpt><trkpt lat="37.2601700" lon="-80.4714700"><time>2026-01-01T08:51:12Z</time></trkpt><trkpt lat="37.2603000" lon="-80.4713900"><time>2026-01-01T08:51:25Z</time></trkpt><trkpt lat="37.2607400" lon="-80.4710800"><time>2026-01-01T08:51:37Z</time></trkpt><trkpt lat="37.2608700" lon="-80.4709300"><time>2026-01-01T08:51:50Z</time></trkpt><trkpt lat="37.2609500" lon="-80.4707800"><time>2026-01-01T08:52:03Z</time></trkpt><trkpt lat="37.2611300" lon="-80.4706100"><time>2026-01-01T08:52:15Z</time></trkpt><trkpt lat="37.2612400" lon="-80.4705500"><time>2026-01-01T08:52:28Z</time></trkpt><trkpt lat="37.2615900" lon="-80.4704500"><time>2026-01-01T08:52:40Z</time></trkpt><trkpt lat="37.2617200" lon="-80.4703700"><time>2026-01-01T08:52:53Z</time></trkpt><trkpt lat="37.2617700" lon="-80.4703000"><time>2026-01-01T08:53:06Z</time></trkpt><trkpt lat="37.2618200" lon="-80.4701300"><time>2026-01-01T08:53:18Z</time></trkpt><trkpt lat="37.2619000" lon="-80.4694500"><time>2026-01-01T08:53:31Z</time></trkpt><trkpt lat="37.2619700" lon="-80.4693000"><time>2026-01-01T08:53:43Z</time></trkpt><trkpt lat="37.2623700" lon="-80.4688500"><time>2026-01-01T08:53:56Z</time></trkpt><trkpt lat="37.2629500" lon="-80.4679300"><time>2026-01-01T08:54:09Z</time></trkpt><trkpt lat="37.2630600" lon="-80.4677900"><time>2026-01-01T08:54:21Z</time></trkpt><trkpt lat="37.2631900" lon="-80.4676700"><time>2026-01-01T08:54:34Z</time></trkpt><trkpt lat="37.2633700" lon="-80.4674700"><time>2026-01-01T08:54:46Z</time></trkpt><trkpt lat="37.2633600" lon="-80.4674200"><time>2026-01-01T08:54:59Z</time></trkpt><trkpt lat="37.2633600" lon="-80.4672400"><time>2026-01-01T08:55:12Z</time></trkpt><trkpt lat="37.2633700" lon="-80.4672300"><time>2026-01-01T08:55:24Z</time></trkpt><trkpt lat="37.2633504" lon="-80.4671666"><time>2026-01-01T08:55:37Z</time></trkpt><trkpt lat="37.2633503" lon="-80.4671328"><time>2026-01-01T08:55:49Z</time></trkpt><trkpt lat="37.2633501" lon="-80.4670990"><time>2026-01-01T08:56:02Z</time></trkpt><trkpt lat="37.2633500" lon="-80.4670651"><time>2026-01-01T08:56:15Z</time></trkpt><trkpt lat="37.2633498" lon="-80.4670313"><time>2026-01-01T08:56:27Z</time></trkpt><trkpt lat="37.2633497" lon="-80.4669975"><time>2026-01-01T08:56:40Z</time></trkpt><trkpt lat="37.2633495" lon="-80.4669636"><time>2026-01-01T08:56:52Z</time></trkpt><trkpt lat="37.2633494" lon="-80.4669298"><time>2026-01-01T08:57:05Z</time></trkpt><trkpt lat="37.2633492" lon="-80.4668960"><time>2026-01-01T08:57:18Z</time></trkpt><trkpt lat="37.2633491" lon="-80.4668621"><time>2026-01-01T08:57:30Z</time></trkpt><trkpt lat="37.2633489" lon="-80.4668283"><time>2026-01-01T08:57:43Z</time></trkpt><trkpt lat="37.2633488" lon="-80.4667945"><time>2026-01-01T08:57:55Z</time></trkpt><trkpt lat="37.2633486" lon="-80.4667606"><time>2026-01-01T08:58:08Z</time></trkpt><trkpt lat="37.2633214" lon="-80.4667270"><time>2026-01-01T08:58:20Z</time></trkpt><trkpt lat="37.2633213" lon="-80.4666932"><time>2026-01-01T08:58:33Z</time></trkpt><trkpt lat="37.2633211" lon="-80.4666593"><time>2026-01-01T08:58:46Z</time></trkpt><trkpt lat="37.2633210" lon="-80.4666255"><time>2026-01-01T08:58:58Z</time></trkpt><trkpt lat="37.2633208" lon="-80.4665917"><time>2026-01-01T08:59:11Z</time></trkpt><trkpt lat="37.2633207" lon="-80.4665578"><time>2026-01-01T08:59:23Z</time></trkpt><trkpt lat="37.2633205" lon="-80.4665240"><time>2026-01-01T08:59:36Z</time></trkpt><trkpt lat="37.2633204" lon="-80.4664902"><time>2026-01-01T08:59:49Z</time></trkpt><trkpt lat="37.2633202" lon="-80.4664563"><time>2026-01-01T09:00:01Z</time></trkpt><trkpt lat="37.2633201" lon="-80.4664225"><time>2026-01-01T09:00:14Z</time></trkpt><trkpt lat="37.2633199" lon="-80.4663887"><time>2026-01-01T09:00:26Z</time></trkpt><trkpt lat="37.2633468" lon="-80.4663546"><time>2026-01-01T09:00:39Z</time></trkpt><trkpt lat="37.2633466" lon="-80.4663208"><time>2026-01-01T09:00:52Z</time></trkpt><trkpt lat="37.2633465" lon="-80.4662870"><time>2026-01-01T09:01:04Z</time></trkpt><trkpt lat="37.2633734" lon="-80.4662529"><time>2026-01-01T09:01:17Z</time></trkpt><trkpt lat="37.2633732" lon="-80.4662191"><time>2026-01-01T09:01:29Z</time></trkpt><trkpt lat="37.2633731" lon="-80.4661853"><time>2026-01-01T09:01:42Z</time></trkpt><trkpt lat="37.2634000" lon="-80.4661513"><time>2026-01-01T09:01:55Z</time></trkpt><trkpt lat="37.2633998" lon="-80.4661174"><time>2026-01-01T09:02:07Z</time></trkpt><trkpt lat="37.2633996" lon="-80.4660836"><time>2026-01-01T09:02:20Z</time></trkpt><trkpt lat="37.2634265" lon="-80.4660496"><time>2026-01-01T09:02:32Z</time></trkpt><trkpt lat="37.2634264" lon="-80.4660157"><time>2026-01-01T09:02:45Z</time></trkpt><trkpt lat="37.2634262" lon="-80.4659819"><time>2026-01-01T09:02:58Z</time></trkpt><trkpt lat="37.2634261" lon="-80.4659481"><time>2026-01-01T09:03:10Z</time></trkpt><trkpt lat="37.2634259" lon="-80.4659142"><time>2026-01-01T09:03:23Z</time></trkpt><trkpt lat="37.2634528" lon="-80.4658802"><time>2026-01-01T09:03:35Z</time></trkpt><trkpt lat="37.2634527" lon="-80.4658464"><time>2026-01-01T09:03:48Z</time></trkpt><trkpt lat="37.2634795" lon="-80.4658124"><time>2026-01-01T09:04:01Z</time></trkpt><trkpt lat="37.2634794" lon="-80.4657785"><time>2026-01-01T09:04:13Z</time></trkpt><trkpt lat="37.2634792" lon="-80.4657447"><time>2026-01-01T09:04:26Z</time></trkpt><trkpt lat="37.2635061" lon="-80.4657107"><time>2026-01-01T09:04:38Z</time></trkpt><trkpt lat="37.2635330" lon="-80.4656766"><time>2026-01-01T09:04:51Z</time></trkpt><trkpt lat="37.2635599" lon="-80.4656426"><time>2026-01-01T09:05:03Z</time></trkpt><trkpt lat="37.2635868" lon="-80.4656086"><time>2026-01-01T09:05:16Z</time></trkpt><trkpt lat="37.2636137" lon="-80.4655746"><time>2026-01-01T09:05:29Z</time></trkpt><trkpt lat="37.2636406" lon="-80.4655406"><time>2026-01-01T09:05:41Z</time></trkpt><trkpt lat="37.2636675" lon="-80.4655065"><time>2026-01-01T09:05:54Z</time></trkpt><trkpt lat="37.2636943" lon="-80.4654725"><time>2026-01-01T09:06:06Z</time></trkpt><trkpt lat="37.2637212" lon="-80.4654385"><time>2026-01-01T09:06:19Z</time></trkpt><trkpt lat="37.2637500" lon="-80.4654100"><time>2026-01-01T09:06:32Z</time></trkpt><trkpt lat="37.2637700" lon="-80.4652300"><time>2026-01-01T09:06:44Z</time></trkpt><trkpt lat="37.2638800" lon="-80.4649700"><time>2026-01-01T09:06:57Z</time></trkpt><trkpt lat="37.2640200" lon="-80.4648400"><time>2026-01-01T09:07:09Z</time></trkpt><trkpt lat="37.2641015" lon="-80.4647027"><time>2026-01-01T09:07:22Z</time></trkpt><trkpt lat="37.2641900" lon="-80.4645300"><time>2026-01-01T09:07:35Z</time></trkpt><trkpt lat="37.2646000" lon="-80.4641600"><time>2026-01-01T09:07:47Z</time></trkpt><trkpt lat="37.2647648" lon="-80.4641258"><time>2026-01-01T09:08:00Z</time></trkpt><trkpt lat="37.2648300" lon="-80.4641100"><time>2026-01-01T09:08:12Z</time></trkpt><trkpt lat="37.2654100" lon="-80.4642500"><time>2026-01-01T09:08:25Z</time></trkpt><trkpt lat="37.2658600" lon="-80.4641200"><time>2026-01-01T09:08:38Z</time></trkpt><trkpt lat="37.2671200" lon="-80.4632300"><time>2026-01-01T09:08:50Z</time></trkpt><trkpt lat="37.2674000" lon="-80.4627400"><time>2026-01-01T09:09:03Z</time></trkpt><trkpt lat="37.2683800" lon="-80.4616800"><time>2026-01-01T09:09:15Z</time></trkpt><trkpt lat="37.2687200" lon="-80.4614600"><time>2026-01-01T09:09:28Z</time></trkpt><trkpt lat="37.2688400" lon="-80.4612900"><time>2026-01-01T09:09:41Z</time></trkpt><trkpt lat="37.2691500" lon="-80.4606400"><time>2026-01-01T09:09:53Z</time></trkpt><trkpt lat="37.2694300" lon="-80.4601400"><time>2026-01-01T09:10:06Z</time></trkpt><trkpt lat="37.2694800" lon="-80.4596800"><time>2026-01-01T09:10:18Z</time></trkpt><trkpt lat="37.2699000" lon="-80.4592600"><time>2026-01-01T09:10:31Z</time></trkpt><trkpt lat="37.2700600" lon="-80.4592000"><time>2026-01-01T09:10:43Z</time></trkpt><trkpt lat="37.2703036" lon="-80.4588825"><time>2026-01-01T09:10:56Z</time></trkpt><trkpt lat="37.2701900" lon="-80.4587600"><time>2026-01-01T09:11:09Z</time></trkpt><trkpt lat="37.2700300" lon="-80.4586800"><time>2026-01-01T09:11:21Z</time></trkpt><trkpt lat="37.2699900" lon="-80.4586800"><time>2026-01-01T09:11:34Z</time></trkpt><trkpt lat="37.2698700" lon="-80.4585900"><time>2026-01-01T09:11:46Z</time></trkpt><trkpt lat="37.2697500" lon="-80.4585300"><time>2026-01-01T09:11:59Z</time></trkpt><trkpt lat="37.2695600" lon="-80.4583700"><time>2026-01-01T09:12:12Z</time></trkpt><trkpt lat="37.2695100" lon="-80.4583700"><time>2026-01-01T09:12:24Z</time></trkpt><trkpt lat="37.2695042" lon="-80.4583658"><time>2026-01-01T09:12:37Z</time></trkpt><trkpt lat="37.2695000" lon="-80.4583700"><time>2026-01-01T09:12:49Z</time></trkpt><trkpt lat="37.2694100" lon="-80.4584400"><time>2026-01-01T09:13:02Z</time></trkpt><trkpt lat="37.2693200" lon="-80.4585800"><time>2026-01-01T09:13:15Z</time></trkpt><trkpt lat="37.2692400" lon="-80.4586600"><time>2026-01-01T09:13:27Z</time></trkpt><trkpt lat="37.2692106" lon="-80.4587130"><time>2026-01-01T09:13:40Z</time></trkpt><trkpt lat="37.2691800" lon="-80.4585500"><time>2026-01-01T09:13:52Z</time></trkpt><trkpt lat="37.2691900" lon="-80.4584400"><time>2026-01-01T09:14:05Z</time></trkpt><trkpt lat="37.2691800" lon="-80.4583700"><time>2026-01-01T09:14:18Z</time></trkpt><trkpt lat="37.2691500" lon="-80.4583200"><time>2026-01-01T09:14:30Z</time></trkpt><trkpt lat="37.2690100" lon="-80.4584900"><time>2026-01-01T09:14:43Z</time></trkpt><trkpt lat="37.2689400" lon="-80.4585100"><time>2026-01-01T09:14:55Z</time></trkpt><trkpt lat="37.2689000" lon="-80.4585400"><time>2026-01-01T09:15:08Z</time></trkpt><trkpt lat="37.2688800" lon="-80.4585300"><time>2026-01-01T09:15:21Z</time></trkpt><trkpt lat="37.2688700" lon="-80.4584400"><time>2026-01-01T09:15:33Z</time></trkpt><trkpt lat="37.2688800" lon="-80.4583900"><time>2026-01-01T09:15:46Z</time></trkpt><trkpt lat="37.2688300" lon="-80.4582200"><time>2026-01-01T09:15:58Z</time></trkpt><trkpt lat="37.2687400" lon="-80.4581400"><time>2026-01-01T09:16:11Z</time></trkpt><trkpt lat="37.2687100" lon="-80.4580300"><time>2026-01-01T09:16:24Z</time></trkpt><trkpt lat="37.2686000" lon="-80.4580300"><time>2026-01-01T09:16:36Z</time></trkpt><trkpt lat="37.2685600" lon="-80.4580800"><time>2026-01-01T09:16:49Z</time></trkpt><trkpt lat="37.2685800" lon="-80.4583900"><time>2026-01-01T09:17:01Z</time></trkpt><trkpt lat="37.2685000" lon="-80.4585400"><time>2026-01-01T09:17:14Z</time></trkpt><trkpt lat="37.2684700" lon="-80.4584600"><time>2026-01-01T09:17:26Z</time></trkpt><trkpt lat="37.2684700" lon="-80.4582700"><time>2026-01-01T09:17:39Z</time></trkpt><trkpt lat="37.2684400" lon="-80.4582600"><time>2026-01-01T09:17:52Z</time></trkpt><trkpt lat="37.2683600" lon="-80.4582600"><time>2026-01-01T09:18:04Z</time></trkpt><trkpt lat="37.2681500" lon="-80.4581900"><time>2026-01-01T09:18:17Z</time></trkpt><trkpt lat="37.2678700" lon="-80.4579600"><time>2026-01-01T09:18:29Z</time></trkpt><trkpt lat="37.2677700" lon="-80.4578400"><time>2026-01-01T09:18:42Z</time></trkpt><trkpt lat="37.2676200" lon="-80.4577700"><time>2026-01-01T09:18:55Z</time></trkpt><trkpt lat="37.2675100" lon="-80.4577300"><time>2026-01-01T09:19:07Z</time></trkpt><trkpt lat="37.2674400" lon="-80.4577300"><time>2026-01-01T09:19:20Z</time></trkpt><trkpt lat="37.2674100" lon="-80.4577800"><time>2026-01-01T09:19:32Z</time></trkpt><trkpt lat="37.2674000" lon="-80.4578400"><time>2026-01-01T09:19:45Z</time></trkpt><trkpt lat="37.2675300" lon="-80.4580300"><time>2026-01-01T09:19:58Z</time></trkpt><trkpt lat="37.2675700" lon="-80.4581400"><time>2026-01-01T09:20:10Z</time></trkpt><trkpt lat="37.2676800" lon="-80.4583500"><time>2026-01-01T09:20:23Z</time></trkpt><trkpt lat="37.2677600" lon="-80.4583900"><time>2026-01-01T09:20:35Z</time></trkpt><trkpt lat="37.2677500" lon="-80.4584000"><time>2026-01-01T09:20:48Z</time></trkpt><trkpt lat="37.2677100" lon="-80.4584000"><time>2026-01-01T09:21:01Z</time></trkpt><trkpt lat="37.2676400" lon="-80.4583900"><time>2026-01-01T09:21:13Z</time></trkpt><trkpt lat="37.2674900" lon="-80.4583000"><time>2026-01-01T09:21:26Z</time></trkpt><trkpt lat="37.2674200" lon="-80.4582800"><time>2026-01-01T09:21:38Z</time></trkpt><trkpt lat="37.2673500" lon="-80.4582100"><time>2026-01-01T09:21:51Z</time></trkpt><trkpt lat="37.2671800" lon="-80.4577950"><time>2026-01-01T09:22:04Z</time></trkpt><trkpt lat="37.2672100" lon="-80.4576500"><time>2026-01-01T09:22:16Z</time></trkpt><trkpt lat="37.2672800" lon="-80.4575100"><time>2026-01-01T09:22:29Z</time></trkpt><trkpt lat="37.2673300" lon="-80.4574800"><time>2026-01-01T09:22:41Z</time></trkpt><trkpt lat="37.2674600" lon="-80.4574600"><time>2026-01-01T09:22:54Z</time></trkpt><trkpt lat="37.2675700" lon="-80.4574100"><time>2026-01-01T09:23:07Z</time></trkpt><trkpt lat="37.2676900" lon="-80.4573300"><time>2026-01-01T09:23:19Z</time></trkpt><trkpt lat="37.2678100" lon="-80.4572000"><time>2026-01-01T09:23:32Z</time></trkpt><trkpt lat="37.2678800" lon="-80.4571600"><time>2026-01-01T09:23:44Z</time></trkpt><trkpt lat="37.2680500" lon="-80.4572000"><time>2026-01-01T09:23:57Z</time></trkpt><trkpt lat="37.2681200" lon="-80.4572500"><time>2026-01-01T09:24:09Z</time></trkpt><trkpt lat="37.2681700" lon="-80.4573100"><time>2026-01-01T09:24:22Z</time></trkpt><trkpt lat="37.2681900" lon="-80.4573600"><time>2026-01-01T09:24:35Z</time></trkpt><trkpt lat="37.2682400" lon="-80.4575700"><time>2026-01-01T09:24:47Z</time></trkpt><trkpt lat="37.2683400" lon="-80.4577000"><time>2026-01-01T09:25:00Z</time></trkpt><trkpt lat="37.2684300" lon="-80.4577400"><time>2026-01-01T09:25:12Z</time></trkpt><trkpt lat="37.2685800" lon="-80.4577500"><time>2026-01-01T09:25:25Z</time></trkpt><trkpt lat="37.2687000" lon="-80.4578000"><time>2026-01-01T09:25:38Z</time></trkpt><trkpt lat="37.2689900" lon="-80.4580000"><time>2026-01-01T09:25:50Z</time></trkpt><trkpt lat="37.2691000" lon="-80.4581000"><time>2026-01-01T09:26:03Z</time></trkpt><trkpt lat="37.2692700" lon="-80.4581700"><time>2026-01-01T09:26:15Z</time></trkpt><trkpt lat="37.2694400" lon="-80.4583200"><time>2026-01-01T09:26:28Z</time></trkpt><trkpt lat="37.2695042" lon="-80.4583658"><time>2026-01-01T09:26:41Z</time></trkpt><trkpt lat="37.2695000" lon="-80.4583700"><time>2026-01-01T09:26:53Z</time></trkpt><trkpt lat="37.2694100" lon="-80.4584400"><time>2026-01-01T09:27:06Z</time></trkpt><trkpt lat="37.2693200" lon="-80.4585800"><time>2026-01-01T09:27:18Z</time></trkpt><trkpt lat="37.2692400" lon="-80.4586600"><time>2026-01-01T09:27:31Z</time></trkpt><trkpt lat="37.2692106" lon="-80.4587130"><time>2026-01-01T09:27:44Z</time></trkpt><trkpt lat="37.2692400" lon="-80.4588700"><time>2026-01-01T09:27:56Z</time></trkpt><trkpt lat="37.2692600" lon="-80.4588800"><time>2026-01-01T09:28:09Z</time></trkpt><trkpt lat="37.2693200" lon="-80.4588500"><time>2026-01-01T09:28:21Z</time></trkpt><trkpt lat="37.2693800" lon="-80.4587900"><time>2026-01-01T09:28:34Z</time></trkpt><trkpt lat="37.2694700" lon="-80.4587600"><time>2026-01-01T09:28:47Z</time></trkpt><trkpt lat="37.2695000" lon="-80.4587600"><time>2026-01-01T09:28:59Z</time></trkpt><trkpt lat="37.2695200" lon="-80.4587800"><time>2026-01-01T09:29:12Z</time></trkpt><trkpt lat="37.2695200" lon="-80.4588200"><time>2026-01-01T09:29:24Z</time></trkpt><trkpt lat="37.2694800" lon="-80.4589300"><time>2026-01-01T09:29:37Z</time></trkpt><trkpt lat="37.2694700" lon="-80.4590600"><time>2026-01-01T09:29:50Z</time></trkpt><trkpt lat="37.2693900" lon="-80.4592000"><time>2026-01-01T09:30:02Z</time></trkpt><trkpt lat="37.2694100" lon="-80.4592100"><time>2026-01-01T09:30:15Z</time></trkpt><trkpt lat="37.2695300" lon="-80.4591600"><time>2026-01-01T09:30:27Z</time></trkpt><trkpt lat="37.2695800" lon="-80.4591100"><time>2026-01-01T09:30:40Z</time></trkpt><trkpt lat="37.2696500" lon="-80.4591100"><time>2026-01-01T09:30:52Z</time></trkpt><trkpt lat="37.2698300" lon="-80.4590200"><time>2026-01-01T09:31:05Z</time></trkpt><trkpt lat="37.2699700" lon="-80.4590000"><time>2026-01-01T09:31:18Z</time></trkpt><trkpt lat="37.2700800" lon="-80.4589700"><time>2026-01-01T09:31:30Z</time></trkpt><trkpt lat="37.2701600" lon="-80.4588900"><time>2026-01-01T09:31:43Z</time></trkpt><trkpt lat="37.2702600" lon="-80.4588600"><time>2026-01-01T09:31:55Z</time></trkpt><trkpt lat="37.2703036" lon="-80.4588825"><time>2026-01-01T09:32:08Z</time></trkpt><trkpt lat="37.2703800" lon="-80.4588400"><time>2026-01-01T09:32:21Z</time></trkpt><trkpt lat="37.2709300" lon="-80.4584700"><time>2026-01-01T09:32:33Z</time></trkpt><trkpt lat="37.2715200" lon="-80.4575500"><time>2026-01-01T09:32:46Z</time></trkpt><trkpt lat="37.2723600" lon="-80.4568400"><time>2026-01-01T09:32:58Z</time></trkpt><trkpt lat="37.2723624" lon="-80.4568165"><time>2026-01-01T09:33:11Z</time></trkpt><trkpt lat="37.2723894" lon="-80.4568163"><time>2026-01-01T09:33:24Z</time></trkpt><trkpt lat="37.2724165" lon="-80.4568161"><time>2026-01-01T09:33:36Z</time></trkpt><trkpt lat="37.2724435" lon="-80.4568159"><time>2026-01-01T09:33:49Z</time></trkpt><trkpt lat="37.2724706" lon="-80.4568157"><time>2026-01-01T09:34:01Z</time></trkpt><trkpt lat="37.2724976" lon="-80.4568155"><time>2026-01-01T09:34:14Z</time></trkpt><trkpt lat="37.2725246" lon="-80.4568153"><time>2026-01-01T09:34:27Z</time></trkpt><trkpt lat="37.2725517" lon="-80.4568151"><time>2026-01-01T09:34:39Z</time></trkpt><trkpt lat="37.2725786" lon="-80.4567811"><time>2026-01-01T09:34:52Z</time></trkpt><trkpt lat="37.2726054" lon="-80.4567471"><time>2026-01-01T09:35:04Z</time></trkpt><trkpt lat="37.2726323" lon="-80.4567130"><time>2026-01-01T09:35:17Z</time></trkpt><trkpt lat="37.2726592" lon="-80.4566790"><time>2026-01-01T09:35:30Z</time></trkpt><trkpt lat="37.2726861" lon="-80.4566450"><time>2026-01-01T09:35:42Z</time></trkpt><trkpt lat="37.2727130" lon="-80.4566109"><time>2026-01-01T09:35:55Z</time></trkpt><trkpt lat="37.2727128" lon="-80.4565771"><time>2026-01-01T09:36:07Z</time></trkpt><trkpt lat="37.2727127" lon="-80.4565433"><time>2026-01-01T09:36:20Z</time></trkpt><trkpt lat="37.2727125" lon="-80.4565094"><time>2026-01-01T09:36:32Z</time></trkpt><trkpt lat="37.2727124" lon="-80.4564756"><time>2026-01-01T09:36:45Z</time></trkpt><trkpt lat="37.2727122" lon="-80.4564418"><time>2026-01-01T09:36:58Z</time></trkpt><trkpt lat="37.2727121" lon="-80.4564079"><time>2026-01-01T09:37:10Z</time></trkpt><trkpt lat="37.2727119" lon="-80.4563741"><time>2026-01-01T09:37:23Z</time></trkpt><trkpt lat="37.2727117" lon="-80.4563402"><time>2026-01-01T09:37:35Z</time></trkpt><trkpt lat="37.2727116" lon="-80.4563064"><time>2026-01-01T09:37:48Z</time></trkpt><trkpt lat="37.2727114" lon="-80.4562726"><time>2026-01-01T09:38:01Z</time></trkpt><trkpt lat="37.2727113" lon="-80.4562387"><time>2026-01-01T09:38:13Z</time></trkpt><trkpt lat="37.2727111" lon="-80.4562049"><time>2026-01-01T09:38:26Z</time></trkpt><trkpt lat="37.2727110" lon="-80.4561711"><time>2026-01-01T09:38:38Z</time></trkpt><trkpt lat="37.2727108" lon="-80.4561372"><time>2026-01-01T09:38:51Z</time></trkpt><trkpt lat="37.2727107" lon="-80.4561034"><time>2026-01-01T09:39:04Z</time></trkpt><trkpt lat="37.2726835" lon="-80.4560697"><time>2026-01-01T09:39:16Z</time></trkpt><trkpt lat="37.2726833" lon="-80.4560359"><time>2026-01-01T09:39:29Z</time></trkpt><trkpt lat="37.2726561" lon="-80.4560023"><time>2026-01-01T09:39:41Z</time></trkpt><trkpt lat="37.2726560" lon="-80.4559684"><time>2026-01-01T09:39:54Z</time></trkpt><trkpt lat="37.2726288" lon="-80.4559348"><time>2026-01-01T09:40:07Z</time></trkpt><trkpt lat="37.2726286" lon="-80.4559009"><time>2026-01-01T09:40:19Z</time></trkpt><trkpt lat="37.2726014" lon="-80.4558673"><time>2026-01-01T09:40:32Z</time></trkpt><trkpt lat="37.2725742" lon="-80.4558337"><time>2026-01-01T09:40:44Z</time></trkpt><trkpt lat="37.2725470" lon="-80.4558000"><time>2026-01-01T09:40:57Z</time></trkpt><trkpt lat="37.2725469" lon="-80.4557662"><time>2026-01-01T09:41:10Z</time></trkpt><trkpt lat="37.2725467" lon="-80.4557323"><time>2026-01-01T09:41:22Z</time></trkpt><trkpt lat="37.2725465" lon="-80.4556985"><time>2026-01-01T09:41:35Z</time></trkpt><trkpt lat="37.2725464" lon="-80.4556647"><time>2026-01-01T09:41:47Z</time></trkpt><trkpt lat="37.2725462" lon="-80.4556308"><time>2026-01-01T09:42:00Z</time></trkpt><trkpt lat="37.2725461" lon="-80.4555970"><time>2026-01-01T09:42:13Z</time></trkpt><trkpt lat="37.2725459" lon="-80.4555632"><time>2026-01-01T09:42:25Z</time></trkpt><trkpt lat="37.2725458" lon="-80.4555293"><time>2026-01-01T09:42:38Z</time></trkpt><trkpt lat="37.2725456" lon="-80.4554955"><time>2026-01-01T09:42:50Z</time></trkpt><trkpt lat="37.2725455" lon="-80.4554617"><time>2026-01-01T09:43:03Z</time></trkpt><trkpt lat="37.2725453" lon="-80.4554278"><time>2026-01-01T09:43:15Z</time></trkpt><trkpt lat="37.2725451" lon="-80.4553940"><time>2026-01-01T09:43:28Z</time></trkpt><trkpt lat="37.2725450" lon="-80.4553601"><time>2026-01-01T09:43:41Z</time></trkpt><trkpt lat="37.2725448" lon="-80.4553263"><time>2026-01-01T09:43:53Z</time></trkpt><trkpt lat="37.2725447" lon="-80.4552925"><time>2026-01-01T09:44:06Z</time></trkpt><trkpt lat="37.2725445" lon="-80.4552586"><time>2026-01-01T09:44:18Z</time></trkpt><trkpt lat="37.2725444" lon="-80.4552248"><time>2026-01-01T09:44:31Z</time></trkpt><trkpt lat="37.2725442" lon="-80.4551910"><time>2026-01-01T09:44:44Z</time></trkpt><trkpt lat="37.2725441" lon="-80.4551571"><time>2026-01-01T09:44:56Z</time></trkpt><trkpt lat="37.2725709" lon="-80.4551231"><time>2026-01-01T09:45:09Z</time></trkpt><trkpt lat="37.2725978" lon="-80.4550891"><time>2026-01-01T09:45:21Z</time></trkpt><trkpt lat="37.2726247" lon="-80.4550550"><time>2026-01-01T09:45:34Z</time></trkpt><trkpt lat="37.2726516" lon="-80.4550210"><time>2026-01-01T09:45:47Z</time></trkpt><trkpt lat="37.2726785" lon="-80.4549870"><time>2026-01-01T09:45:59Z</time></trkpt><trkpt lat="37.2727054" lon="-80.4549529"><time>2026-01-01T09:46:12Z</time></trkpt><trkpt lat="37.2727323" lon="-80.4549189"><time>2026-01-01T09:46:24Z</time></trkpt><trkpt lat="37.2727591" lon="-80.4548849"><time>2026-01-01T09:46:37Z</time></trkpt><trkpt lat="37.2727860" lon="-80.4548508"><time>2026-01-01T09:46:50Z</time></trkpt><trkpt lat="37.2728129" lon="-80.4548168"><time>2026-01-01T09:47:02Z</time></trkpt><trkpt lat="37.2728398" lon="-80.4547828"><time>2026-01-01T09:47:15Z</time></trkpt><trkpt lat="37.2728700" lon="-80.4547600"><time>2026-01-01T09:47:27Z</time></trkpt><trkpt lat="37.2729400" lon="-80.4547100"><time>2026-01-01T09:47:40Z</time></trkpt><trkpt lat="37.2728100" lon="-80.4548100"><time>2026-01-01T09:47:53Z</time></trkpt><trkpt lat="37.2729400" lon="-80.4548600"><time>2026-01-01T09:48:05Z</time></trkpt><trkpt lat="37.2730000" lon="-80.4549300"><time>2026-01-01T09:48:18Z</time></trkpt><trkpt lat="37.2730500" lon="-80.4549500"><time>2026-01-01T09:48:30Z</time></trkpt><trkpt lat="37.2732900" lon="-80.4550100"><time>2026-01-01T09:48:43Z</time></trkpt><trkpt lat="37.2733800" lon="-80.4551300"><time>2026-01-01T09:48:56Z</time></trkpt><trkpt lat="37.2733900" lon="-80.4551900"><time>2026-01-01T09:49:08Z</time></trkpt><trkpt lat="37.2733900" lon="-80.4552500"><time>2026-01-01T09:49:21Z</time></trkpt><trkpt lat="37.2734400" lon="-80.4553000"><time>2026-01-01T09:49:33Z</time></trkpt><trkpt lat="37.2734000" lon="-80.4554800"><time>2026-01-01T09:49:46Z</time></trkpt><trkpt lat="37.2734100" lon="-80.4555900"><time>2026-01-01T09:49:58Z</time></trkpt><trkpt lat="37.2734000" lon="-80.4557000"><time>2026-01-01T09:50:11Z</time></trkpt><trkpt lat="37.2733700" lon="-80.4557700"><time>2026-01-01T09:50:24Z</time></trkpt><trkpt lat="37.2734000" lon="-80.4558800"><time>2026-01-01T09:50:36Z</time></trkpt><trkpt lat="37.2734200" lon="-80.4559200"><time>2026-01-01T09:50:49Z</time></trkpt><trkpt lat="37.2735000" lon="-80.4559900"><time>2026-01-01T09:51:01Z</time></trkpt><trkpt lat="37.2735900" lon="-80.4561300"><time>2026-01-01T09:51:14Z</time></trkpt><trkpt lat="37.2736000" lon="-80.4561800"><time>2026-01-01T09:51:27Z</time></trkpt><trkpt lat="37.2736900" lon="-80.4562800"><time>2026-01-01T09:51:39Z</time></trkpt><trkpt lat="37.2737000" lon="-80.4563100"><time>2026-01-01T09:51:52Z</time></trkpt><trkpt lat="37.2738700" lon="-80.4565300"><time>2026-01-01T09:52:04Z</time></trkpt><trkpt lat="37.2740200" lon="-80.4566100"><time>2026-01-01T09:52:17Z</time></trkpt><trkpt lat="37.2740300" lon="-80.4566500"><time>2026-01-01T09:52:30Z</time></trkpt><trkpt lat="37.2741100" lon="-80.4566900"><time>2026-01-01T09:52:42Z</time></trkpt><trkpt lat="37.2741900" lon="-80.4567500"><time>2026-01-01T09:52:55Z</time></trkpt><trkpt lat="37.2742500" lon="-80.4568100"><time>2026-01-01T09:53:07Z</time></trkpt><trkpt lat="37.2742700" lon="-80.4568600"><time>2026-01-01T09:53:20Z</time></trkpt><trkpt lat="37.2743200" lon="-80.4569200"><time>2026-01-01T09:53:33Z</time></trkpt><trkpt lat="37.2746300" lon="-80.4571600"><time>2026-01-01T09:53:45Z</time></trkpt><trkpt lat="37.2747400" lon="-80.4572800"><time>2026-01-01T09:53:58Z</time></trkpt><trkpt lat="37.2748100" lon="-80.4573200"><time>2026-01-01T09:54:10Z</time></trkpt><trkpt lat="37.2749900" lon="-80.4575200"><time>2026-01-01T09:54:23Z</time></trkpt><trkpt lat="37.2751400" lon="-80.4576500"><time>2026-01-01T09:54:36Z</time></trkpt><trkpt lat="37.2752700" lon="-80.4576900"><time>2026-01-01T09:54:48Z</time></trkpt><trkpt lat="37.2753900" lon="-80.4577600"><time>2026-01-01T09:55:01Z</time></trkpt><trkpt lat="37.2757400" lon="-80.4578200"><time>2026-01-01T09:55:13Z</time></trkpt><trkpt lat="37.2759200" lon="-80.4578300"><time>2026-01-01T09:55:26Z</time></trkpt><trkpt lat="37.2761100" lon="-80.4579100"><time>2026-01-01T09:55:38Z</time></trkpt><trkpt lat="37.2762300" lon="-80.4579000"><time>2026-01-01T09:55:51Z</time></trkpt><trkpt lat="37.2765100" lon="-80.4579800"><time>2026-01-01T09:56:04Z</time></trkpt><trkpt lat="37.2766200" lon="-80.4579600"><time>2026-01-01T09:56:16Z</time></trkpt><trkpt lat="37.2766900" lon="-80.4579900"><time>2026-01-01T09:56:29Z</time></trkpt><trkpt lat="37.2767500" lon="-80.4579800"><time>2026-01-01T09:56:41Z</time></trkpt><trkpt lat="37.2768500" lon="-80.4579300"><time>2026-01-01T09:56:54Z</time></trkpt><trkpt lat="37.2769200" lon="-80.4579300"><time>2026-01-01T09:57:07Z</time></trkpt><trkpt lat="37.2770800" lon="-80.4580100"><time>2026-01-01T09:57:19Z</time></trkpt><trkpt lat="37.2773600" lon="-80.4584200"><time>2026-01-01T09:57:32Z</time></trkpt><trkpt lat="37.2773800" lon="-80.4585000"><time>2026-01-01T09:57:44Z</time></trkpt><trkpt lat="37.2775500" lon="-80.4587700"><time>2026-01-01T09:57:57Z</time></trkpt><trkpt lat="37.2776800" lon="-80.4589300"><time>2026-01-01T09:58:10Z</time></trkpt><trkpt lat="37.2777200" lon="-80.4590200"><time>2026-01-01T09:58:22Z</time></trkpt><trkpt lat="37.2777600" lon="-80.4592000"><time>2026-01-01T09:58:35Z</time></trkpt><trkpt lat="37.2777900" lon="-80.4592400"><time>2026-01-01T09:58:47Z</time></trkpt><trkpt lat="37.2777900" lon="-80.4593100"><time>2026-01-01T09:59:00Z</time></trkpt><trkpt lat="37.2778200" lon="-80.4595100"><time>2026-01-01T09:59:13Z</time></trkpt><trkpt lat="37.2778000" lon="-80.4598400"><time>2026-01-01T09:59:25Z</time></trkpt><trkpt lat="37.2778200" lon="-80.4599200"><time>2026-01-01T09:59:38Z</time></trkpt><trkpt lat="37.2779100" lon="-80.4600100"><time>2026-01-01T09:59:50Z</time></trkpt><trkpt lat="37.2780700" lon="-80.4600500"><time>2026-01-01T10:00:03Z</time></trkpt><trkpt lat="37.2781300" lon="-80.4600400"><time>2026-01-01T10:00:16Z</time></trkpt><trkpt lat="37.2782500" lon="-80.4599400"><time>2026-01-01T10:00:28Z</time></trkpt><trkpt lat="37.2783400" lon="-80.4598000"><time>2026-01-01T10:00:41Z</time></trkpt><trkpt lat="37.2783900" lon="-80.4597600"><time>2026-01-01T10:00:53Z</time></trkpt><trkpt lat="37.2785100" lon="-80.4597100"><time>2026-01-01T10:01:06Z</time></trkpt><trkpt lat="37.2786300" lon="-80.4597700"><time>2026-01-01T10:01:19Z</time></trkpt><trkpt lat="37.2787100" lon="-80.4598500"><time>2026-01-01T10:01:31Z</time></trkpt><trkpt lat="37.2788367" lon="-80.4599667"><time>2026-01-01T10:01:44Z</time></trkpt><trkpt lat="37.2787600" lon="-80.4609400"><time>2026-01-01T10:01:56Z</time></trkpt><trkpt lat="37.2785900" lon="-80.4617300"><time>2026-01-01T10:02:09Z</time></trkpt><trkpt lat="37.2787200" lon="-80.4620400"><time>2026-01-01T10:02:21Z</time></trkpt><trkpt lat="37.2789200" lon="-80.4632400"><time>2026-01-01T10:02:34Z</time></trkpt><trkpt lat="37.2788400" lon="-80.4634500"><time>2026-01-01T10:02:47Z</time></trkpt><trkpt lat="37.2786500" lon="-80.4634600"><time>2026-01-01T10:02:59Z</time></trkpt><trkpt lat="37.2786500" lon="-80.4637200"><time>2026-01-01T10:03:12Z</time></trkpt><trkpt lat="37.2785900" lon="-80.4637900"><time>2026-01-01T10:03:24Z</time></trkpt><trkpt lat="37.2783600" lon="-80.4637600"><time>2026-01-01T10:03:37Z</time></trkpt><trkpt lat="37.2777000" lon="-80.4634200"><time>2026-01-01T10:03:50Z</time></trkpt><trkpt lat="37.2773800" lon="-80.4634500"><time>2026-01-01T10:04:02Z</time></trkpt><trkpt lat="37.2766400" lon="-80.4632800"><time>2026-01-01T10:04:15Z</time></trkpt><trkpt lat="37.2759000" lon="-80.4634100"><time>2026-01-01T10:04:27Z</time></trkpt><trkpt lat="37.2757700" lon="-80.4636000"><time>2026-01-01T10:04:40Z</time></trkpt><trkpt lat="37.2757300" lon="-80.4638500"><time>2026-01-01T10:04:53Z</time></trkpt><trkpt lat="37.2758500" lon="-80.4643900"><time>2026-01-01T10:05:05Z</time></trkpt><trkpt lat="37.2763100" lon="-80.4652300"><time>2026-01-01T10:05:18Z</time></trkpt><trkpt lat="37.2763500" lon="-80.4654200"><time>2026-01-01T10:05:30Z</time></trkpt><trkpt lat="37.2765800" lon="-80.4659100"><time>2026-01-01T10:05:43Z</time></trkpt><trkpt lat="37.2769400" lon="-80.4663600"><time>2026-01-01T10:05:56Z</time></trkpt><trkpt lat="37.2772900" lon="-80.4669400"><time>2026-01-01T10:06:08Z</time></trkpt><trkpt lat="37.2780300" lon="-80.4679800"><time>2026-01-01T10:06:21Z</time></trkpt><trkpt lat="37.2785700" lon="-80.4684700"><time>2026-01-01T10:06:33Z</time></trkpt><trkpt lat="37.2786300" lon="-80.4686800"><time>2026-01-01T10:06:46Z</time></trkpt><trkpt lat="37.2785500" lon="-80.4687300"><time>2026-01-01T10:06:59Z</time></trkpt><trkpt lat="37.2780200" lon="-80.4684700"><time>2026-01-01T10:07:11Z</time></trkpt><trkpt lat="37.2777600" lon="-80.4684200"><time>2026-01-01T10:07:24Z</time></trkpt><trkpt lat="37.2773100" lon="-80.4682000"><time>2026-01-01T10:07:36Z</time></trkpt><trkpt lat="37.2769900" lon="-80.4681200"><time>2026-01-01T10:07:49Z</time></trkpt><trkpt lat="37.2765700" lon="-80.4677700"><time>2026-01-01T10:08:02Z</time></trkpt><trkpt lat="37.2760600" lon="-80.4675800"><time>2026-01-01T10:08:14Z</time></trkpt><trkpt lat="37.2757300" lon="-80.4678800"><time>2026-01-01T10:08:27Z</time></trkpt><trkpt lat="37.2750200" lon="-80.4677000"><time>2026-01-01T10:08:39Z</time></trkpt><trkpt lat="37.2749300" lon="-80.4677700"><time>2026-01-01T10:08:52Z</time></trkpt><trkpt lat="37.2749400" lon="-80.4678800"><time>2026-01-01T10:09:04Z</time></trkpt><trkpt lat="37.2752900" lon="-80.4683200"><time>2026-01-01T10:09:17Z</time></trkpt><trkpt lat="37.2765100" lon="-80.4686600"><time>2026-01-01T10:09:30Z</time></trkpt><trkpt lat="37.2771800" lon="-80.4693400"><time>2026-01-01T10:09:42Z</time></trkpt><trkpt lat="37.2773800" lon="-80.4696000"><time>2026-01-01T10:09:55Z</time></trkpt><trkpt lat="37.2785000" lon="-80.4700800"><time>2026-01-01T10:10:07Z</time></trkpt><trkpt lat="37.2786800" lon="-80.4702400"><time>2026-01-01T10:10:20Z</time></trkpt><trkpt lat="37.2796200" lon="-80.4708000"><time>2026-01-01T10:10:33Z</time></trkpt><trkpt lat="37.2799100" lon="-80.4711300"><time>2026-01-01T10:10:45Z</time></trkpt><trkpt lat="37.2800000" lon="-80.4711500"><time>2026-01-01T10:10:58Z</time></trkpt><trkpt lat="37.2801400" lon="-80.4714000"><time>2026-01-01T10:11:10Z</time></trkpt><trkpt lat="37.2802000" lon="-80.4718600"><time>2026-01-01T10:11:23Z</time></trkpt><trkpt lat="37.2805935" lon="-80.4721261"><time>2026-01-01T10:11:36Z</time></trkpt><trkpt lat="37.2805000" lon="-80.4720600"><time>2026-01-01T10:11:48Z</time></trkpt><trkpt lat="37.2803800" lon="-80.4724800"><time>2026-01-01T10:12:01Z</time></trkpt><trkpt lat="37.2798200" lon="-80.4733800"><time>2026-01-01T10:12:13Z</time></trkpt><trkpt lat="37.2797700" lon="-80.4737900"><time>2026-01-01T10:12:26Z</time></trkpt><trkpt lat="37.2795700" lon="-80.4742500"><time>2026-01-01T10:12:39Z</time></trkpt><trkpt lat="37.2793200" lon="-80.4743700"><time>2026-01-01T10:12:51Z</time></trkpt><trkpt lat="37.2789200" lon="-80.4742500"><time>2026-01-01T10:13:04Z</time></trkpt><trkpt lat="37.2787500" lon="-80.4743300"><time>2026-01-01T10:13:16Z</time></trkpt><trkpt lat="37.2783300" lon="-80.4747800"><time>2026-01-01T10:13:29Z</time></trkpt><trkpt lat="37.2780000" lon="-80.4748500"><time>2026-01-01T10:13:42Z</time></trkpt><trkpt lat="37.2774800" lon="-80.4756400"><time>2026-01-01T10:13:54Z</time></trkpt><trkpt lat="37.2774633" lon="-80.4756515"><time>2026-01-01T10:14:07Z</time></trkpt><trkpt lat="37.2771500" lon="-80.4755800"><time>2026-01-01T10:14:19Z</time></trkpt><trkpt lat="37.2770800" lon="-80.4756600"><time>2026-01-01T10:14:32Z</time></trkpt><trkpt lat="37.2770400" lon="-80.4760200"><time>2026-01-01T10:14:45Z</time></trkpt><trkpt lat="37.2770800" lon="-80.4764000"><time>2026-01-01T10:14:57Z</time></trkpt><trkpt lat="37.2769200" lon="-80.4766300"><time>2026-01-01T10:15:10Z</time></trkpt><trkpt lat="37.2764600" lon="-80.4774300"><time>2026-01-01T10:15:22Z</time></trkpt><trkpt lat="37.2760900" lon="-80.4777600"><time>2026-01-01T10:15:35Z</time></trkpt><trkpt lat="37.2760000" lon="-80.4778500"><time>2026-01-01T10:15:47Z</time></trkpt><trkpt lat="37.2757400" lon="-80.4782200"><time>2026-01-01T10:16:00Z</time></trkpt><trkpt lat="37.2754500" lon="-80.4784800"><time>2026-01-01T10:16:13Z</time></trkpt><trkpt lat="37.2753500" lon="-80.4786900"><time>2026-01-01T10:16:25Z</time></trkpt><trkpt lat="37.2751900" lon="-80.4787100"><time>2026-01-01T10:16:38Z</time></trkpt><trkpt lat="37.2750600" lon="-80.4788100"><time>2026-01-01T10:16:50Z</time></trkpt><trkpt lat="37.2750398" lon="-80.4788316"><time>2026-01-01T10:17:03Z</time></trkpt><trkpt lat="37.2750000" lon="-80.4784700"><time>2026-01-01T10:17:16Z</time></trkpt><trkpt lat="37.2746900" lon="-80.4781500"><time>2026-01-01T10:17:28Z</time></trkpt><trkpt lat="37.2744800" lon="-80.4777737"><time>2026-01-01T10:17:41Z</time></trkpt><trkpt lat="37.2744800" lon="-80.4778800"><time>2026-01-01T10:17:53Z</time></trkpt><trkpt lat="37.2743900" lon="-80.4779200"><time>2026-01-01T10:18:06Z</time></trkpt><trkpt lat="37.2743100" lon="-80.4779900"><time>2026-01-01T10:18:19Z</time></trkpt><trkpt lat="37.2741300" lon="-80.4782600"><time>2026-01-01T10:18:31Z</time></trkpt><trkpt lat="37.2740500" lon="-80.4783200"><time>2026-01-01T10:18:44Z</time></trkpt><trkpt lat="37.2738800" lon="-80.4784200"><time>2026-01-01T10:18:56Z</time></trkpt><trkpt lat="37.2737200" lon="-80.4786300"><time>2026-01-01T10:19:09Z</time></trkpt><trkpt lat="37.2736600" lon="-80.4786800"><time>2026-01-01T10:19:22Z</time></trkpt><trkpt lat="37.2734200" lon="-80.4787900"><time>2026-01-01T10:19:34Z</time></trkpt><trkpt lat="37.2729900" lon="-80.4790800"><time>2026-01-01T10:19:47Z</time></trkpt><trkpt lat="37.2727100" lon="-80.4792000"><time>2026-01-01T10:19:59Z</time></trkpt><trkpt lat="37.2725500" lon="-80.4792900"><time>2026-01-01T10:20:12Z</time></trkpt><trkpt lat="37.2722400" lon="-80.4795400"><time>2026-01-01T10:20:25Z</time></trkpt><trkpt lat="37.2720000" lon="-80.4797800"><time>2026-01-01T10:20:37Z</time></trkpt><trkpt lat="37.2717400" lon="-80.4799700"><time>2026-01-01T10:20:50Z</time></trkpt><trkpt lat="37.2716200" lon="-80.4800900"><time>2026-01-01T10:21:02Z</time></trkpt><trkpt lat="37.2714200" lon="-80.4803400"><time>2026-01-01T10:21:15Z</time></trkpt><trkpt lat="37.2713500" lon="-80.4804600"><time>2026-01-01T10:21:27Z</time></trkpt><trkpt lat="37.2712000" lon="-80.4807500"><time>2026-01-01T10:21:40Z</time></trkpt><trkpt lat="37.2711000" lon="-80.4810700"><time>2026-01-01T10:21:53Z</time></trkpt><trkpt lat="37.2709300" lon="-80.4813700"><time>2026-01-01T10:22:05Z</time></trkpt><trkpt lat="37.2708700" lon="-80.4814400"><time>2026-01-01T10:22:18Z</time></trkpt><trkpt lat="37.2706300" lon="-80.4816000"><time>2026-01-01T10:22:30Z</time></trkpt><trkpt lat="37.2703500" lon="-80.4817000"><time>2026-01-01T10:22:43Z</time></trkpt><trkpt lat="37.2700100" lon="-80.4820200"><time>2026-01-01T10:22:56Z</time></trkpt><trkpt lat="37.2699200" lon="-80.4820700"><time>2026-01-01T10:23:08Z</time></trkpt><trkpt lat="37.2695000" lon="-80.4821800"><time>2026-01-01T10:23:21Z</time></trkpt><trkpt lat="37.2691900" lon="-80.4822900"><time>2026-01-01T10:23:33Z</time></trkpt><trkpt lat="37.2689300" lon="-80.4824100"><time>2026-01-01T10:23:46Z</time></trkpt><trkpt lat="37.2688100" lon="-80.4824900"><time>2026-01-01T10:23:59Z</time></trkpt><trkpt lat="37.2687600" lon="-80.4825600"><time>2026-01-01T10:24:11Z</time></trkpt><trkpt lat="37.2686600" lon="-80.4828800"><time>2026-01-01T10:24:24Z</time></trkpt><trkpt lat="37.2685100" lon="-80.4830800"><time>2026-01-01T10:24:36Z</time></trkpt><trkpt lat="37.2684500" lon="-80.4831200"><time>2026-01-01T10:24:49Z</time></trkpt><trkpt lat="37.2684000" lon="-80.4831300"><time>2026-01-01T10:25:02Z</time></trkpt><trkpt lat="37.2682700" lon="-80.4831200"><time>2026-01-01T10:25:14Z</time></trkpt><trkpt lat="37.2681300" lon="-80.4831600"><time>2026-01-01T10:25:27Z</time></trkpt><trkpt lat="37.2680800" lon="-80.4832100"><time>2026-01-01T10:25:39Z</time></trkpt><trkpt lat="37.2680700" lon="-80.4832000"><time>2026-01-01T10:25:52Z</time></trkpt><trkpt lat="37.2680200" lon="-80.4832800"><time>2026-01-01T10:26:05Z</time></trkpt><trkpt lat="37.2680200" lon="-80.4833200"><time>2026-01-01T10:26:17Z</time></trkpt><trkpt lat="37.2680300" lon="-80.4833400"><time>2026-01-01T10:26:30Z</time></trkpt><trkpt lat="37.2680400" lon="-80.4834100"><time>2026-01-01T10:26:42Z</time></trkpt><trkpt lat="37.2680100" lon="-80.4835200"><time>2026-01-01T10:26:55Z</time></trkpt><trkpt lat="37.2679400" lon="-80.4836700"><time>2026-01-01T10:27:08Z</time></trkpt><trkpt lat="37.2679000" lon="-80.4837200"><time>2026-01-01T10:27:20Z</time></trkpt><trkpt lat="37.2678900" lon="-80.4837500"><time>2026-01-01T10:27:33Z</time></trkpt><trkpt lat="37.2678500" lon="-80.4837900"><time>2026-01-01T10:27:45Z</time></trkpt><trkpt lat="37.2678000" lon="-80.4838900"><time>2026-01-01T10:27:58Z</time></trkpt><trkpt lat="37.2677700" lon="-80.4840000"><time>2026-01-01T10:28:10Z</time></trkpt><trkpt lat="37.2677200" lon="-80.4840500"><time>2026-01-01T10:28:23Z</time></trkpt><trkpt lat="37.2675800" lon="-80.4840900"><time>2026-01-01T10:28:36Z</time></trkpt><trkpt lat="37.2675300" lon="-80.4841400"><time>2026-01-01T10:28:48Z</time></trkpt><trkpt lat="37.2675000" lon="-80.4842000"><time>2026-01-01T10:29:01Z</time></trkpt><trkpt lat="37.2674700" lon="-80.4842400"><time>2026-01-01T10:29:13Z</time></trkpt><trkpt lat="37.2673700" lon="-80.4843400"><time>2026-01-01T10:29:26Z</time></trkpt><trkpt lat="37.2672900" lon="-80.4843900"><time>2026-01-01T10:29:39Z</time></trkpt><trkpt lat="37.2672600" lon="-80.4844300"><time>2026-01-01T10:29:51Z</time></trkpt><trkpt lat="37.2672300" lon="-80.4844500"><time>2026-01-01T10:30:04Z</time></trkpt><trkpt lat="37.2672200" lon="-80.4844800"><time>2026-01-01T10:30:16Z</time></trkpt><trkpt lat="37.2672200" lon="-80.4845400"><time>2026-01-01T10:30:29Z</time></trkpt><trkpt lat="37.2672300" lon="-80.4845700"><time>2026-01-01T10:30:42Z</time></trkpt><trkpt lat="37.2672300" lon="-80.4847000"><time>2026-01-01T10:30:54Z</time></trkpt><trkpt lat="37.2672200" lon="-80.4847400"><time>2026-01-01T10:31:07Z</time></trkpt><trkpt lat="37.2672900" lon="-80.4849200"><time>2026-01-01T10:31:19Z</time></trkpt><trkpt lat="37.2672900" lon="-80.4849500"><time>2026-01-01T10:31:32Z</time></trkpt><trkpt lat="37.2672900" lon="-80.4849300"><time>2026-01-01T10:31:45Z</time></trkpt><trkpt lat="37.2673000" lon="-80.4849400"><time>2026-01-01T10:31:57Z</time></trkpt><trkpt lat="37.2673100" lon="-80.4849400"><time>2026-01-01T10:32:10Z</time></trkpt><trkpt lat="37.2673100" lon="-80.4849200"><time>2026-01-01T10:32:22Z</time></trkpt><trkpt lat="37.2673100" lon="-80.4849100"><time>2026-01-01T10:32:35Z</time></trkpt><trkpt lat="37.2673000" lon="-80.4849300"><time>2026-01-01T10:32:48Z</time></trkpt><trkpt lat="37.2673100" lon="-80.4849300"><time>2026-01-01T10:33:00Z</time></trkpt><trkpt lat="37.2673200" lon="-80.4849300"><time>2026-01-01T10:33:13Z</time></trkpt><trkpt lat="37.2673600" lon="-80.4849600"><time>2026-01-01T10:33:25Z</time></trkpt><trkpt lat="37.2674200" lon="-80.4851400"><time>2026-01-01T10:33:38Z</time></trkpt><trkpt lat="37.2674200" lon="-80.4851800"><time>2026-01-01T10:33:51Z</time></trkpt><trkpt lat="37.2674000" lon="-80.4852500"><time>2026-01-01T10:34:03Z</time></trkpt><trkpt lat="37.2674000" lon="-80.4854600"><time>2026-01-01T10:34:16Z</time></trkpt><trkpt lat="37.2673600" lon="-80.4855800"><time>2026-01-01T10:34:28Z</time></trkpt><trkpt lat="37.2672900" lon="-80.4856600"><time>2026-01-01T10:34:41Z</time></trkpt><trkpt lat="37.2672900" lon="-80.4856800"><time>2026-01-01T10:34:53Z</time></trkpt><trkpt lat="37.2672800" lon="-80.4857000"><time>2026-01-01T10:35:06Z</time></trkpt><trkpt lat="37.2672900" lon="-80.4857300"><time>2026-01-01T10:35:19Z</time></trkpt><trkpt lat="37.2673400" lon="-80.4857700"><time>2026-01-01T10:35:31Z</time></trkpt><trkpt lat="37.2673743" lon="-80.4858259"><time>2026-01-01T10:35:44Z</time></trkpt><trkpt lat="37.2670500" lon="-80.4862000"><time>2026-01-01T10:35:56Z</time></trkpt><trkpt lat="37.2667300" lon="-80.4863500"><time>2026-01-01T10:36:09Z</time></trkpt><trkpt lat="37.2666200" lon="-80.4864300"><time>2026-01-01T10:36:22Z</time></trkpt><trkpt lat="37.2664500" lon="-80.4867700"><time>2026-01-01T10:36:34Z</time></trkpt><trkpt lat="37.2663859" lon="-80.4868209"><time>2026-01-01T10:36:47Z</time></trkpt><trkpt lat="37.2663500" lon="-80.4868400"><time>2026-01-01T10:36:59Z</time></trkpt><trkpt lat="37.2660900" lon="-80.4871600"><time>2026-01-01T10:37:12Z</time></trkpt><trkpt lat="37.2659800" lon="-80.4873100"><time>2026-01-01T10:37:25Z</time></trkpt><trkpt lat="37.2659400" lon="-80.4876700"><time>2026-01-01T10:37:37Z</time></trkpt><trkpt lat="37.2657800" lon="-80.4879300"><time>2026-01-01T10:37:50Z</time></trkpt><trkpt lat="37.2653000" lon="-80.4883300"><time>2026-01-01T10:38:02Z</time></trkpt><trkpt lat="37.2650300" lon="-80.4887000"><time>2026-01-01T10:38:15Z</time></trkpt><trkpt lat="37.2649300" lon="-80.4889100"><time>2026-01-01T10:38:28Z</time></trkpt><trkpt lat="37.2648500" lon="-80.4891100"><time>2026-01-01T10:38:40Z</time></trkpt><trkpt lat="37.2647100" lon="-80.4895000"><time>2026-01-01T10:38:53Z</time></trkpt><trkpt lat="37.2647000" lon="-80.4896500"><time>2026-01-01T10:39:05Z</time></trkpt><trkpt lat="37.2647200" lon="-80.4898500"><time>2026-01-01T10:39:18Z</time></trkpt><trkpt lat="37.2646900" lon="-80.4901200"><time>2026-01-01T10:39:31Z</time></trkpt><trkpt lat="37.2645200" lon="-80.4905100"><time>2026-01-01T10:39:43Z</time></trkpt><trkpt lat="37.2642800" lon="-80.4911600"><time>2026-01-01T10:39:56Z</time></trkpt><trkpt lat="37.2639900" lon="-80.4913700"><time>2026-01-01T10:40:08Z</time></trkpt><trkpt lat="37.2639000" lon="-80.4918800"><time>2026-01-01T10:40:21Z</time></trkpt><trkpt lat="37.2635600" lon="-80.4926300"><time>2026-01-01T10:40:33Z</time></trkpt><trkpt lat="37.2633900" lon="-80.4930400"><time>2026-01-01T10:40:46Z</time></trkpt><trkpt lat="37.2632500" lon="-80.4935800"><time>2026-01-01T10:40:59Z</time></trkpt><trkpt lat="37.2631600" lon="-80.4940000"><time>2026-01-01T10:41:11Z</time></trkpt><trkpt lat="37.2630700" lon="-80.4941400"><time>2026-01-01T10:41:24Z</time></trkpt><trkpt lat="37.2629600" lon="-80.4942200"><time>2026-01-01T10:41:36Z</time></trkpt><trkpt lat="37.2627700" lon="-80.4942900"><time>2026-01-01T10:41:49Z</time></trkpt><trkpt lat="37.2624500" lon="-80.4944800"><time>2026-01-01T10:42:02Z</time></trkpt><trkpt lat="37.2622500" lon="-80.4945000"><time>2026-01-01T10:42:14Z</time></trkpt><trkpt lat="37.2622190" lon="-80.4945939"><time>2026-01-01T10:42:27Z</time></trkpt><trkpt lat="37.2621000" lon="-80.4945100"><time>2026-01-01T10:42:39Z</time></trkpt><trkpt lat="37.2619400" lon="-80.4948600"><time>2026-01-01T10:42:52Z</time></trkpt><trkpt lat="37.2619000" lon="-80.4950200"><time>2026-01-01T10:43:05Z</time></trkpt><trkpt lat="37.2618000" lon="-80.4951300"><time>2026-01-01T10:43:17Z</time></trkpt><trkpt lat="37.2614900" lon="-80.4955300"><time>2026-01-01T10:43:30Z</time></trkpt><trkpt lat="37.2611600" lon="-80.4960200"><time>2026-01-01T10:43:42Z</time></trkpt><trkpt lat="37.2609000" lon="-80.4961900"><time>2026-01-01T10:43:55Z</time></trkpt><trkpt lat="37.2607800" lon="-80.4962400"><time>2026-01-01T10:44:08Z</time></trkpt><trkpt lat="37.2604400" lon="-80.4963200"><time>2026-01-01T10:44:20Z</time></trkpt><trkpt lat="37.2602200" lon="-80.4963400"><time>2026-01-01T10:44:33Z</time></trkpt><trkpt lat="37.2599200" lon="-80.4964000"><time>2026-01-01T10:44:45Z</time></trkpt><trkpt lat="37.2598100" lon="-80.4964100"><time>2026-01-01T10:44:58Z</time></trkpt><trkpt lat="37.2594700" lon="-80.4963500"><time>2026-01-01T10:45:11Z</time></trkpt><trkpt lat="37.2592600" lon="-80.4964000"><time>2026-01-01T10:45:23Z</time></trkpt><trkpt lat="37.2590600" lon="-80.4963900"><time>2026-01-01T10:45:36Z</time></trkpt><trkpt lat="37.2590200" lon="-80.4963300"><time>2026-01-01T10:45:48Z</time></trkpt><trkpt lat="37.2590400" lon="-80.4962500"><time>2026-01-01T10:46:01Z</time></trkpt><trkpt lat="37.2591600" lon="-80.4959500"><time>2026-01-01T10:46:14Z</time></trkpt><trkpt lat="37.2591700" lon="-80.4958600"><time>2026-01-01T10:46:26Z</time></trkpt><trkpt lat="37.2591300" lon="-80.4958000"><time>2026-01-01T10:46:39Z</time></trkpt><trkpt lat="37.2590200" lon="-80.4957800"><time>2026-01-01T10:46:51Z</time></trkpt><trkpt lat="37.2585300" lon="-80.4954400"><time>2026-01-01T10:47:04Z</time></trkpt><trkpt lat="37.2584900" lon="-80.4953400"><time>2026-01-01T10:47:16Z</time></trkpt><trkpt lat="37.2584800" lon="-80.4952200"><time>2026-01-01T10:47:29Z</time></trkpt><trkpt lat="37.2584200" lon="-80.4950700"><time>2026-01-01T10:47:42Z</time></trkpt><trkpt lat="37.2583700" lon="-80.4950100"><time>2026-01-01T10:47:54Z</time></trkpt><trkpt lat="37.2582800" lon="-80.4949400"><time>2026-01-01T10:48:07Z</time></trkpt><trkpt lat="37.2581400" lon="-80.4949300"><time>2026-01-01T10:48:19Z</time></trkpt><trkpt lat="37.2579700" lon="-80.4949600"><time>2026-01-01T10:48:32Z</time></trkpt><trkpt lat="37.2574600" lon="-80.4949200"><time>2026-01-01T10:48:45Z</time></trkpt><trkpt lat="37.2570900" lon="-80.4949100"><time>2026-01-01T10:48:57Z</time></trkpt><trkpt lat="37.2565800" lon="-80.4949800"><time>2026-01-01T10:49:10Z</time></trkpt><trkpt lat="37.2564100" lon="-80.4950400"><time>2026-01-01T10:49:22Z</time></trkpt><trkpt lat="37.2561300" lon="-80.4951900"><time>2026-01-01T10:49:35Z</time></trkpt><trkpt lat="37.2559500" lon="-80.4953200"><time>2026-01-01T10:49:48Z</time></trkpt><trkpt lat="37.2558900" lon="-80.4953900"><time>2026-01-01T10:50:00Z</time></trkpt><trkpt lat="37.2558400" lon="-80.4955000"><time>2026-01-01T10:50:13Z</time></trkpt><trkpt lat="37.2557200" lon="-80.4958800"><time>2026-01-01T10:50:25Z</time></trkpt><trkpt lat="37.2556100" lon="-80.4960000"><time>2026-01-01T10:50:38Z</time></trkpt><trkpt lat="37.2555200" lon="-80.4960300"><time>2026-01-01T10:50:51Z</time></trkpt><trkpt lat="37.2552800" lon="-80.4959800"><time>2026-01-01T10:51:03Z</time></trkpt><trkpt lat="37.2549700" lon="-80.4959600"><time>2026-01-01T10:51:16Z</time></trkpt><trkpt lat="37.2547900" lon="-80.4960000"><time>2026-01-01T10:51:28Z</time></trkpt><trkpt lat="37.2546300" lon="-80.4960600"><time>2026-01-01T10:51:41Z</time></trkpt><trkpt lat="37.2544000" lon="-80.4961000"><time>2026-01-01T10:51:54Z</time></trkpt><trkpt lat="37.2541800" lon="-80.4961000"><time>2026-01-01T10:52:06Z</time></trkpt><trkpt lat="37.2538600" lon="-80.4961400"><time>2026-01-01T10:52:19Z</time></trkpt><trkpt lat="37.2537500" lon="-80.4961300"><time>2026-01-01T10:52:31Z</time></trkpt><trkpt lat="37.2534000" lon="-80.4960300"><time>2026-01-01T10:52:44Z</time></trkpt><trkpt lat="37.2531900" lon="-80.4960000"><time>2026-01-01T10:52:57Z</time></trkpt><trkpt lat="37.2528700" lon="-80.4960100"><time>2026-01-01T10:53:09Z</time></trkpt><trkpt lat="37.2525900" lon="-80.4960000"><time>2026-01-01T10:53:22Z</time></trkpt><trkpt lat="37.2525400" lon="-80.4959900"><time>2026-01-01T10:53:34Z</time></trkpt><trkpt lat="37.2524400" lon="-80.4959100"><time>2026-01-01T10:53:47Z</time></trkpt><trkpt lat="37.2523700" lon="-80.4958900"><time>2026-01-01T10:53:59Z</time></trkpt><trkpt lat="37.2520700" lon="-80.4958500"><time>2026-01-01T10:54:12Z</time></trkpt><trkpt lat="37.2516200" lon="-80.4959700"><time>2026-01-01T10:54:25Z</time></trkpt><trkpt lat="37.2515500" lon="-80.4959500"><time>2026-01-01T10:54:37Z</time></trkpt><trkpt lat="37.2514100" lon="-80.4958700"><time>2026-01-01T10:54:50Z</time></trkpt><trkpt lat="37.2513600" lon="-80.4958000"><time>2026-01-01T10:55:02Z</time></trkpt><trkpt lat="37.2513000" lon="-80.4955900"><time>2026-01-01T10:55:15Z</time></trkpt><trkpt lat="37.2512600" lon="-80.4955200"><time>2026-01-01T10:55:28Z</time></trkpt><trkpt lat="37.2509300" lon="-80.4951600"><time>2026-01-01T10:55:40Z</time></trkpt><trkpt lat="37.2509000" lon="-80.4951100"><time>2026-01-01T10:55:53Z</time></trkpt><trkpt lat="37.2508600" lon="-80.4948700"><time>2026-01-01T10:56:05Z</time></trkpt><trkpt lat="37.2508600" lon="-80.4947400"><time>2026-01-01T10:56:18Z</time></trkpt><trkpt lat="37.2509100" lon="-80.4946000"><time>2026-01-01T10:56:31Z</time></trkpt><trkpt lat="37.2509800" lon="-80.4945000"><time>2026-01-01T10:56:43Z</time></trkpt><trkpt lat="37.2514200" lon="-80.4941900"><time>2026-01-01T10:56:56Z</time></trkpt><trkpt lat="37.2518700" lon="-80.4938000"><time>2026-01-01T10:57:08Z</time></trkpt><trkpt lat="37.2519300" lon="-80.4937200"><time>2026-01-01T10:57:21Z</time></trkpt><trkpt lat="37.2519800" lon="-80.4936300"><time>2026-01-01T10:57:34Z</time></trkpt><trkpt lat="37.2520000" lon="-80.4935500"><time>2026-01-01T10:57:46Z</time></trkpt><trkpt lat="37.2519700" lon="-80.4934700"><time>2026-01-01T10:57:59Z</time></trkpt><trkpt lat="37.2518200" lon="-80.4934500"><time>2026-01-01T10:58:11Z</time></trkpt><trkpt lat="37.2516700" lon="-80.4934900"><time>2026-01-01T10:58:24Z</time></trkpt><trkpt lat="37.2513200" lon="-80.4935400"><time>2026-01-01T10:58:37Z</time></trkpt><trkpt lat="37.2507400" lon="-80.4935400"><time>2026-01-01T10:58:49Z</time></trkpt><trkpt lat="37.2505600" lon="-80.4935200"><time>2026-01-01T10:59:02Z</time></trkpt><trkpt lat="37.2501700" lon="-80.4936200"><time>2026-01-01T10:59:14Z</time></trkpt><trkpt lat="37.2500700" lon="-80.4936200"><time>2026-01-01T10:59:27Z</time></trkpt><trkpt lat="37.2500536" lon="-80.4935782"><time>2026-01-01T10:59:40Z</time></trkpt><trkpt lat="37.2500535" lon="-80.4935444"><time>2026-01-01T10:59:52Z</time></trkpt><trkpt lat="37.2500533" lon="-80.4935105"><time>2026-01-01T11:00:05Z</time></trkpt><trkpt lat="37.2500532" lon="-80.4934767"><time>2026-01-01T11:00:17Z</time></trkpt><trkpt lat="37.2500801" lon="-80.4934427"><time>2026-01-01T11:00:30Z</time></trkpt><trkpt lat="37.2500799" lon="-80.4934089"><time>2026-01-01T11:00:42Z</time></trkpt><trkpt lat="37.2501068" lon="-80.4933749"><time>2026-01-01T11:00:55Z</time></trkpt><trkpt lat="37.2501337" lon="-80.4933408"><time>2026-01-01T11:01:08Z</time></trkpt><trkpt lat="37.2501336" lon="-80.4933070"><time>2026-01-01T11:01:20Z</time></trkpt><trkpt lat="37.2501605" lon="-80.4932730"><time>2026-01-01T11:01:33Z</time></trkpt><trkpt lat="37.2501874" lon="-80.4932390"><time>2026-01-01T11:01:45Z</time></trkpt><trkpt lat="37.2501872" lon="-80.4932052"><time>2026-01-01T11:01:58Z</time></trkpt><trkpt lat="37.2502141" lon="-80.4931712"><time>2026-01-01T11:02:11Z</time></trkpt><trkpt lat="37.2502140" lon="-80.4931373"><time>2026-01-01T11:02:23Z</time></trkpt><trkpt lat="37.2502409" lon="-80.4931033"><time>2026-01-01T11:02:36Z</time></trkpt><trkpt lat="37.2502678" lon="-80.4930693"><time>2026-01-01T11:02:48Z</time></trkpt><trkpt lat="37.2502676" lon="-80.4930355"><time>2026-01-01T11:03:01Z</time></trkpt><trkpt lat="37.2502945" lon="-80.4930015"><time>2026-01-01T11:03:14Z</time></trkpt><trkpt lat="37.2503214" lon="-80.4929675"><time>2026-01-01T11:03:26Z</time></trkpt><trkpt lat="37.2503213" lon="-80.4929337"><time>2026-01-01T11:03:39Z</time></trkpt><trkpt lat="37.2503482" lon="-80.4928997"><time>2026-01-01T11:03:51Z</time></trkpt><trkpt lat="37.2503751" lon="-80.4928656"><time>2026-01-01T11:04:04Z</time></trkpt><trkpt lat="37.2503749" lon="-80.4928318"><time>2026-01-01T11:04:17Z</time></trkpt><trkpt lat="37.2504018" lon="-80.4927978"><time>2026-01-01T11:04:29Z</time></trkpt><trkpt lat="37.2504017" lon="-80.4927640"><time>2026-01-01T11:04:42Z</time></trkpt><trkpt lat="37.2504286" lon="-80.4927300"><time>2026-01-01T11:04:54Z</time></trkpt><trkpt lat="37.2504555" lon="-80.4926960"><time>2026-01-01T11:05:07Z</time></trkpt><trkpt lat="37.2504824" lon="-80.4926620"><time>2026-01-01T11:05:20Z</time></trkpt><trkpt lat="37.2505093" lon="-80.4926279"><time>2026-01-01T11:05:32Z</time></trkpt><trkpt lat="37.2505362" lon="-80.4925939"><time>2026-01-01T11:05:45Z</time></trkpt><trkpt lat="37.2505631" lon="-80.4925599"><time>2026-01-01T11:05:57Z</time></trkpt><trkpt lat="37.2505899" lon="-80.4925259"><time>2026-01-01T11:06:10Z</time></trkpt><trkpt lat="37.2506168" lon="-80.4924919"><time>2026-01-01T11:06:22Z</time></trkpt><trkpt lat="37.2506437" lon="-80.4924579"><time>2026-01-01T11:06:35Z</time></trkpt><trkpt lat="37.2506706" lon="-80.4924239"><time>2026-01-01T11:06:48Z</time></trkpt><trkpt lat="37.2506975" lon="-80.4923899"><time>2026-01-01T11:07:00Z</time></trkpt><trkpt lat="37.2507244" lon="-80.4923559"><time>2026-01-01T11:07:13Z</time></trkpt><trkpt lat="37.2507513" lon="-80.4923219"><time>2026-01-01T11:07:25Z</time></trkpt><trkpt lat="37.2507782" lon="-80.4922879"><time>2026-01-01T11:07:38Z</time></trkpt><trkpt lat="37.2507781" lon="-80.4922540"><time>2026-01-01T11:07:51Z</time></trkpt><trkpt lat="37.2508050" lon="-80.4922200"><time>2026-01-01T11:08:03Z</time></trkpt><trkpt lat="37.2508048" lon="-80.4921862"><time>2026-01-01T11:08:16Z</time></trkpt><trkpt lat="37.2508047" lon="-80.4921524"><time>2026-01-01T11:08:28Z</time></trkpt><trkpt lat="37.2508316" lon="-80.4921184"><time>2026-01-01T11:08:41Z</time></trkpt><trkpt lat="37.2508314" lon="-80.4920845"><time>2026-01-01T11:08:54Z</time></trkpt><trkpt lat="37.2508313" lon="-80.4920507"><time>2026-01-01T11:09:06Z</time></trkpt><trkpt lat="37.2508311" lon="-80.4920169"><time>2026-01-01T11:09:19Z</time></trkpt><trkpt lat="37.2508310" lon="-80.4919831"><time>2026-01-01T11:09:31Z</time></trkpt><trkpt lat="37.2508309" lon="-80.4919492"><time>2026-01-01T11:09:44Z</time></trkpt><trkpt lat="37.2508307" lon="-80.4919154"><time>2026-01-01T11:09:57Z</time></trkpt><trkpt lat="37.2508306" lon="-80.4918816"><time>2026-01-01T11:10:09Z</time></trkpt><trkpt lat="37.2508304" lon="-80.4918478"><time>2026-01-01T11:10:22Z</time></trkpt><trkpt lat="37.2508303" lon="-80.4918139"><time>2026-01-01T11:10:34Z</time></trkpt><trkpt lat="37.2508301" lon="-80.4917801"><time>2026-01-01T11:10:47Z</time></trkpt><trkpt lat="37.2508300" lon="-80.4917463"><time>2026-01-01T11:11:00Z</time></trkpt><trkpt lat="37.2508298" lon="-80.4917124"><time>2026-01-01T11:11:12Z</time></trkpt><trkpt lat="37.2508297" lon="-80.4916786"><time>2026-01-01T11:11:25Z</time></trkpt><trkpt lat="37.2508295" lon="-80.4916448"><time>2026-01-01T11:11:37Z</time></trkpt><trkpt lat="37.2508294" lon="-80.4916110"><time>2026-01-01T11:11:50Z</time></trkpt><trkpt lat="37.2508293" lon="-80.4915771"><time>2026-01-01T11:12:03Z</time></trkpt><trkpt lat="37.2508291" lon="-80.4915433"><time>2026-01-01T11:12:15Z</time></trkpt><trkpt lat="37.2508290" lon="-80.4915095"><time>2026-01-01T11:12:28Z</time></trkpt><trkpt lat="37.2508288" lon="-80.4914757"><time>2026-01-01T11:12:40Z</time></trkpt><trkpt lat="37.2508287" lon="-80.4914418"><time>2026-01-01T11:12:53Z</time></trkpt><trkpt lat="37.2508285" lon="-80.4914080"><time>2026-01-01T11:13:05Z</time></trkpt><trkpt lat="37.2508284" lon="-80.4913742"><time>2026-01-01T11:13:18Z</time></trkpt><trkpt lat="37.2508282" lon="-80.4913403"><time>2026-01-01T11:13:31Z</time></trkpt><trkpt lat="37.2508281" lon="-80.4913065"><time>2026-01-01T11:13:43Z</time></trkpt><trkpt lat="37.2508279" lon="-80.4912727"><time>2026-01-01T11:13:56Z</time></trkpt><trkpt lat="37.2508278" lon="-80.4912389"><time>2026-01-01T11:14:08Z</time></trkpt><trkpt lat="37.2508277" lon="-80.4912050"><time>2026-01-01T11:14:21Z</time></trkpt><trkpt lat="37.2508275" lon="-80.4911712"><time>2026-01-01T11:14:34Z</time></trkpt><trkpt lat="37.2508274" lon="-80.4911374"><time>2026-01-01T11:14:46Z</time></trkpt><trkpt lat="37.2508272" lon="-80.4911036"><time>2026-01-01T11:14:59Z</time></trkpt><trkpt lat="37.2508271" lon="-80.4910697"><time>2026-01-01T11:15:11Z</time></trkpt><trkpt lat="37.2508269" lon="-80.4910359"><time>2026-01-01T11:15:24Z</time></trkpt><trkpt lat="37.2508268" lon="-80.4910021"><time>2026-01-01T11:15:37Z</time></trkpt><trkpt lat="37.2508266" lon="-80.4909682"><time>2026-01-01T11:15:49Z</time></trkpt><trkpt lat="37.2508265" lon="-80.4909344"><time>2026-01-01T11:16:02Z</time></trkpt><trkpt lat="37.2508263" lon="-80.4909006"><time>2026-01-01T11:16:14Z</time></trkpt><trkpt lat="37.2508262" lon="-80.4908668"><time>2026-01-01T11:16:27Z</time></trkpt><trkpt lat="37.2508261" lon="-80.4908329"><time>2026-01-01T11:16:40Z</time></trkpt><trkpt lat="37.2508259" lon="-80.4907991"><time>2026-01-01T11:16:52Z</time></trkpt><trkpt lat="37.2508258" lon="-80.4907653"><time>2026-01-01T11:17:05Z</time></trkpt><trkpt lat="37.2508256" lon="-80.4907315"><time>2026-01-01T11:17:17Z</time></trkpt><trkpt lat="37.2508255" lon="-80.4906976"><time>2026-01-01T11:17:30Z</time></trkpt><trkpt lat="37.2508253" lon="-80.4906638"><time>2026-01-01T11:17:43Z</time></trkpt><trkpt lat="37.2508252" lon="-80.4906300"><time>2026-01-01T11:17:55Z</time></trkpt><trkpt lat="37.2508250" lon="-80.4905962"><time>2026-01-01T11:18:08Z</time></trkpt><trkpt lat="37.2508249" lon="-80.4905623"><time>2026-01-01T11:18:20Z</time></trkpt><trkpt lat="37.2508247" lon="-80.4905285"><time>2026-01-01T11:18:33Z</time></trkpt><trkpt lat="37.2508246" lon="-80.4904947"><time>2026-01-01T11:18:46Z</time></trkpt><trkpt lat="37.2508245" lon="-80.4904608"><time>2026-01-01T11:18:58Z</time></trkpt><trkpt lat="37.2508243" lon="-80.4904270"><time>2026-01-01T11:19:11Z</time></trkpt><trkpt lat="37.2508242" lon="-80.4903932"><time>2026-01-01T11:19:23Z</time></trkpt><trkpt lat="37.2508240" lon="-80.4903594"><time>2026-01-01T11:19:36Z</time></trkpt><trkpt lat="37.2508239" lon="-80.4903255"><time>2026-01-01T11:19:48Z</time></trkpt><trkpt lat="37.2508508" lon="-80.4902915"><time>2026-01-01T11:20:01Z</time></trkpt><trkpt lat="37.2508506" lon="-80.4902577"><time>2026-01-01T11:20:14Z</time></trkpt><trkpt lat="37.2508505" lon="-80.4902239"><time>2026-01-01T11:20:26Z</time></trkpt><trkpt lat="37.2508503" lon="-80.4901900"><time>2026-01-01T11:20:39Z</time></trkpt><trkpt lat="37.2508502" lon="-80.4901562"><time>2026-01-01T11:20:51Z</time></trkpt><trkpt lat="37.2508500" lon="-80.4901224"><time>2026-01-01T11:21:04Z</time></trkpt><trkpt lat="37.2508499" lon="-80.4900886"><time>2026-01-01T11:21:17Z</time></trkpt><trkpt lat="37.2508498" lon="-80.4900547"><time>2026-01-01T11:21:29Z</time></trkpt><trkpt lat="37.2508496" lon="-80.4900209"><time>2026-01-01T11:21:42Z</time></trkpt><trkpt lat="37.2508495" lon="-80.4899871"><time>2026-01-01T11:21:54Z</time></trkpt><trkpt lat="37.2508493" lon="-80.4899533"><time>2026-01-01T11:22:07Z</time></trkpt><trkpt lat="37.2508492" lon="-80.4899194"><time>2026-01-01T11:22:20Z</time></trkpt><trkpt lat="37.2508490" lon="-80.4898856"><time>2026-01-01T11:22:32Z</time></trkpt><trkpt lat="37.2508489" lon="-80.4898518"><time>2026-01-01T11:22:45Z</time></trkpt><trkpt lat="37.2508758" lon="-80.4898178"><time>2026-01-01T11:22:57Z</time></trkpt><trkpt lat="37.2508756" lon="-80.4897839"><time>2026-01-01T11:23:10Z</time></trkpt><trkpt lat="37.2508755" lon="-80.4897501"><time>2026-01-01T11:23:23Z</time></trkpt><trkpt lat="37.2508753" lon="-80.4897163"><time>2026-01-01T11:23:35Z</time></trkpt><trkpt lat="37.2508752" lon="-80.4896825"><time>2026-01-01T11:23:48Z</time></trkpt><trkpt lat="37.2509021" lon="-80.4896484"><time>2026-01-01T11:24:00Z</time></trkpt><trkpt lat="37.2509019" lon="-80.4896146"><time>2026-01-01T11:24:13Z</time></trkpt><trkpt lat="37.2509018" lon="-80.4895808"><time>2026-01-01T11:24:26Z</time></trkpt><trkpt lat="37.2509200" lon="-80.4895800"><time>2026-01-01T11:24:38Z</time></trkpt><trkpt lat="37.2507300" lon="-80.4897600"><time>2026-01-01T11:24:51Z</time></trkpt><trkpt lat="37.2506885" lon="-80.4897531"><time>2026-01-01T11:25:03Z</time></trkpt><trkpt lat="37.2502200" lon="-80.4907400"><time>2026-01-01T11:25:16Z</time></trkpt><trkpt lat="37.2500600" lon="-80.4908400"><time>2026-01-01T11:25:28Z</time></trkpt><trkpt lat="37.2499500" lon="-80.4911600"><time>2026-01-01T11:25:41Z</time></trkpt><trkpt lat="37.2498100" lon="-80.4911900"><time>2026-01-01T11:25:54Z</time></trkpt><trkpt lat="37.2496000" lon="-80.4914300"><time>2026-01-01T11:26:06Z</time></trkpt><trkpt lat="37.2493100" lon="-80.4922600"><time>2026-01-01T11:26:19Z</time></trkpt><trkpt lat="37.2491900" lon="-80.4924700"><time>2026-01-01T11:26:31Z</time></trkpt><trkpt lat="37.2491400" lon="-80.4921300"><time>2026-01-01T11:26:44Z</time></trkpt><trkpt lat="37.2491800" lon="-80.4912900"><time>2026-01-01T11:26:57Z</time></trkpt><trkpt lat="37.2493500" lon="-80.4911600"><time>2026-01-01T11:27:09Z</time></trkpt><trkpt lat="37.2494100" lon="-80.4909900"><time>2026-01-01T11:27:22Z</time></trkpt><trkpt lat="37.2495400" lon="-80.4908400"><time>2026-01-01T11:27:34Z</time></trkpt><trkpt lat="37.2495500" lon="-80.4906500"><time>2026-01-01T11:27:47Z</time></trkpt><trkpt lat="37.2497600" lon="-80.4903700"><time>2026-01-01T11:28:00Z</time></trkpt><trkpt lat="37.2497100" lon="-80.4900700"><time>2026-01-01T11:28:12Z</time></trkpt><trkpt lat="37.2501200" lon="-80.4888700"><time>2026-01-01T11:28:25Z</time></trkpt><trkpt lat="37.2501500" lon="-80.4883900"><time>2026-01-01T11:28:37Z</time></trkpt><trkpt lat="37.2499100" lon="-80.4884300"><time>2026-01-01T11:28:50Z</time></trkpt><trkpt lat="37.2495700" lon="-80.4882100"><time>2026-01-01T11:29:03Z</time></trkpt><trkpt lat="37.2493100" lon="-80.4879500"><time>2026-01-01T11:29:15Z</time></trkpt><trkpt lat="37.2491300" lon="-80.4881600"><time>2026-01-01T11:29:28Z</time></trkpt><trkpt lat="37.2488700" lon="-80.4882200"><time>2026-01-01T11:29:40Z</time></trkpt><trkpt lat="37.2484800" lon="-80.4880700"><time>2026-01-01T11:29:53Z</time></trkpt><trkpt lat="37.2478693" lon="-80.4877318"><time>2026-01-01T11:30:06Z</time></trkpt><trkpt lat="37.2478800" lon="-80.4876800"><time>2026-01-01T11:30:18Z</time></trkpt><trkpt lat="37.2478600" lon="-80.4876600"><time>2026-01-01T11:30:31Z</time></trkpt><trkpt lat="37.2478400" lon="-80.4876600"><time>2026-01-01T11:30:43Z</time></trkpt><trkpt lat="37.2477800" lon="-80.4877000"><time>2026-01-01T11:30:56Z</time></trkpt><trkpt lat="37.2476900" lon="-80.4877200"><time>2026-01-01T11:31:09Z</time></trkpt><trkpt lat="37.2476500" lon="-80.4877100"><time>2026-01-01T11:31:21Z</time></trkpt><trkpt lat="37.2476100" lon="-80.4876900"><time>2026-01-01T11:31:34Z</time></trkpt><trkpt lat="37.2474900" lon="-80.4876600"><time>2026-01-01T11:31:46Z</time></trkpt><trkpt lat="37.2474700" lon="-80.4876400"><time>2026-01-01T11:31:59Z</time></trkpt><trkpt lat="37.2474600" lon="-80.4876100"><time>2026-01-01T11:32:11Z</time></trkpt><trkpt lat="37.2474600" lon="-80.4875800"><time>2026-01-01T11:32:24Z</time></trkpt><trkpt lat="37.2474500" lon="-80.4875600"><time>2026-01-01T11:32:37Z</time></trkpt><trkpt lat="37.2474800" lon="-80.4875000"><time>2026-01-01T11:32:49Z</time></trkpt><trkpt lat="37.2474800" lon="-80.4874700"><time>2026-01-01T11:33:02Z</time></trkpt><trkpt lat="37.2474900" lon="-80.4874400"><time>2026-01-01T11:33:14Z</time></trkpt><trkpt lat="37.2475400" lon="-80.4873700"><time>2026-01-01T11:33:27Z</time></trkpt><trkpt lat="37.2475600" lon="-80.4873600"><time>2026-01-01T11:33:40Z</time></trkpt><trkpt lat="37.2475700" lon="-80.4873300"><time>2026-01-01T11:33:52Z</time></trkpt><trkpt lat="37.2476500" lon="-80.4872400"><time>2026-01-01T11:34:05Z</time></trkpt><trkpt lat="37.2476800" lon="-80.4871800"><time>2026-01-01T11:34:17Z</time></trkpt><trkpt lat="37.2477200" lon="-80.4871300"><time>2026-01-01T11:34:30Z</time></trkpt><trkpt lat="37.2477600" lon="-80.4871400"><time>2026-01-01T11:34:43Z</time></trkpt><trkpt lat="37.2477900" lon="-80.4872100"><time>2026-01-01T11:34:55Z</time></trkpt><trkpt lat="37.2478100" lon="-80.4872300"><time>2026-01-01T11:35:08Z</time></trkpt><trkpt lat="37.2478300" lon="-80.4872700"><time>2026-01-01T11:35:20Z</time></trkpt><trkpt lat="37.2479700" lon="-80.4874000"><time>2026-01-01T11:35:33Z</time></trkpt><trkpt lat="37.2480100" lon="-80.4874200"><time>2026-01-01T11:35:46Z</time></trkpt><trkpt lat="37.2480300" lon="-80.4874400"><time>2026-01-01T11:35:58Z</time></trkpt><trkpt lat="37.2480500" lon="-80.4874800"><time>2026-01-01T11:36:11Z</time></trkpt><trkpt lat="37.2481000" lon="-80.4875200"><time>2026-01-01T11:36:23Z</time></trkpt><trkpt lat="37.2481300" lon="-80.4875300"><time>2026-01-01T11:36:36Z</time></trkpt><trkpt lat="37.2481500" lon="-80.4875500"><time>2026-01-01T11:36:49Z</time></trkpt><trkpt lat="37.2481900" lon="-80.4875600"><time>2026-01-01T11:37:01Z</time></trkpt><trkpt lat="37.2482300" lon="-80.4875600"><time>2026-01-01T11:37:14Z</time></trkpt><trkpt lat="37.2482500" lon="-80.4875700"><time>2026-01-01T11:37:26Z</time></trkpt><trkpt lat="37.2483400" lon="-80.4875700"><time>2026-01-01T11:37:39Z</time></trkpt><trkpt lat="37.2483900" lon="-80.4875900"><time>2026-01-01T11:37:52Z</time></trkpt><trkpt lat="37.2484300" lon="-80.4876300"><time>2026-01-01T11:38:04Z</time></trkpt><trkpt lat="37.2484900" lon="-80.4876600"><time>2026-01-01T11:38:17Z</time></trkpt><trkpt lat="37.2485600" lon="-80.4877600"><time>2026-01-01T11:38:29Z</time></trkpt><trkpt lat="37.2486100" lon="-80.4877900"><time>2026-01-01T11:38:42Z</time></trkpt><trkpt lat="37.2486600" lon="-80.4877900"><time>2026-01-01T11:38:54Z</time></trkpt><trkpt lat="37.2487000" lon="-80.4877800"><time>2026-01-01T11:39:07Z</time></trkpt><trkpt lat="37.2487300" lon="-80.4877600"><time>2026-01-01T11:39:20Z</time></trkpt><trkpt lat="37.2487400" lon="-80.4877400"><time>2026-01-01T11:39:32Z</time></trkpt><trkpt lat="37.2487600" lon="-80.4877300"><time>2026-01-01T11:39:45Z</time></trkpt><trkpt lat="37.2487800" lon="-80.4876900"><time>2026-01-01T11:39:57Z</time></trkpt><trkpt lat="37.2487800" lon="-80.4876200"><time>2026-01-01T11:40:10Z</time></trkpt><trkpt lat="37.2487600" lon="-80.4875900"><time>2026-01-01T11:40:23Z</time></trkpt><trkpt lat="37.2487400" lon="-80.4875900"><time>2026-01-01T11:40:35Z</time></trkpt><trkpt lat="37.2487300" lon="-80.4875800"><time>2026-01-01T11:40:48Z</time></trkpt><trkpt lat="37.2486900" lon="-80.4875800"><time>2026-01-01T11:41:00Z</time></trkpt><trkpt lat="37.2486800" lon="-80.4875600"><time>2026-01-01T11:41:13Z</time></trkpt><trkpt lat="37.2486600" lon="-80.4875500"><time>2026-01-01T11:41:26Z</time></trkpt><trkpt lat="37.2486100" lon="-80.4874500"><time>2026-01-01T11:41:38Z</time></trkpt><trkpt lat="37.2485300" lon="-80.4873700"><time>2026-01-01T11:41:51Z</time></trkpt><trkpt lat="37.2485100" lon="-80.4873400"><time>2026-01-01T11:42:03Z</time></trkpt><trkpt lat="37.2484900" lon="-80.4873000"><time>2026-01-01T11:42:16Z</time></trkpt><trkpt lat="37.2484998" lon="-80.4872153"><time>2026-01-01T11:42:29Z</time></trkpt><trkpt lat="37.2484500" lon="-80.4871700"><time>2026-01-01T11:42:41Z</time></trkpt><trkpt lat="37.2480600" lon="-80.4864800"><time>2026-01-01T11:42:54Z</time></trkpt><trkpt lat="37.2480273" lon="-80.4863887"><time>2026-01-01T11:43:06Z</time></trkpt><trkpt lat="37.2478200" lon="-80.4858100"><time>2026-01-01T11:43:19Z</time></trkpt><trkpt lat="37.2477400" lon="-80.4852900"><time>2026-01-01T11:43:32Z</time></trkpt><trkpt lat="37.2475300" lon="-80.4851400"><time>2026-01-01T11:43:44Z</time></trkpt><trkpt lat="37.2473300" lon="-80.4851200"><time>2026-01-01T11:43:57Z</time></trkpt><trkpt lat="37.2467100" lon="-80.4843500"><time>2026-01-01T11:44:09Z</time></trkpt><trkpt lat="37.2461900" lon="-80.4838600"><time>2026-01-01T11:44:22Z</time></trkpt><trkpt lat="37.2460400" lon="-80.4837600"><time>2026-01-01T11:44:35Z</time></trkpt><trkpt lat="37.2457434" lon="-80.4838811"><time>2026-01-01T11:44:47Z</time></trkpt><trkpt lat="37.2455900" lon="-80.4843900"><time>2026-01-01T11:45:00Z</time></trkpt><trkpt lat="37.2455800" lon="-80.4849000"><time>2026-01-01T11:45:12Z</time></trkpt><trkpt lat="37.2455036" lon="-80.4848953"><time>2026-01-01T11:45:25Z</time></trkpt><trkpt lat="37.2452300" lon="-80.4848200"><time>2026-01-01T11:45:37Z</time></trkpt><trkpt lat="37.2450300" lon="-80.4849800"><time>2026-01-01T11:45:50Z</time></trkpt><trkpt lat="37.2448500" lon="-80.4850000"><time>2026-01-01T11:46:03Z</time></trkpt><trkpt lat="37.2447300" lon="-80.4849200"><time>2026-01-01T11:46:15Z</time></trkpt><trkpt lat="37.2446700" lon="-80.4850200"><time>2026-01-01T11:46:28Z</time></trkpt><trkpt lat="37.2447600" lon="-80.4851700"><time>2026-01-01T11:46:40Z</time></trkpt><trkpt lat="37.2450300" lon="-80.4852800"><time>2026-01-01T11:46:53Z</time></trkpt><trkpt lat="37.2450000" lon="-80.4853700"><time>2026-01-01T11:47:06Z</time></trkpt><trkpt lat="37.2447100" lon="-80.4854600"><time>2026-01-01T11:47:18Z</time></trkpt><trkpt lat="37.2445700" lon="-80.4855900"><time>2026-01-01T11:47:31Z</time></trkpt><trkpt lat="37.2442900" lon="-80.4855600"><time>2026-01-01T11:47:43Z</time></trkpt><trkpt lat="37.2438200" lon="-80.4854300"><time>2026-01-01T11:47:56Z</time></trkpt><trkpt lat="37.2437200" lon="-80.4853000"><time>2026-01-01T11:48:09Z</time></trkpt><trkpt lat="37.2437400" lon="-80.4851400"><time>2026-01-01T11:48:21Z</time></trkpt><trkpt lat="37.2439100" lon="-80.4848300"><time>2026-01-01T11:48:34Z</time></trkpt><trkpt lat="37.2438900" lon="-80.4846900"><time>2026-01-01T11:48:46Z</time></trkpt><trkpt lat="37.2436400" lon="-80.4843100"><time>2026-01-01T11:48:59Z</time></trkpt><trkpt lat="37.2435200" lon="-80.4842100"><time>2026-01-01T11:49:12Z</time></trkpt><trkpt lat="37.2434600" lon="-80.4840300"><time>2026-01-01T11:49:24Z</time></trkpt><trkpt lat="37.2435200" lon="-80.4838000"><time>2026-01-01T11:49:37Z</time></trkpt><trkpt lat="37.2433800" lon="-80.4833600"><time>2026-01-01T11:49:49Z</time></trkpt><trkpt lat="37.2432900" lon="-80.4834200"><time>2026-01-01T11:50:02Z</time></trkpt><trkpt lat="37.2430100" lon="-80.4838900"><time>2026-01-01T11:50:15Z</time></trkpt><trkpt lat="37.2429600" lon="-80.4840600"><time>2026-01-01T11:50:27Z</time></trkpt><trkpt lat="37.2429100" lon="-80.4838800"><time>2026-01-01T11:50:40Z</time></trkpt><trkpt lat="37.2429600" lon="-80.4835800"><time>2026-01-01T11:50:52Z</time></trkpt><trkpt lat="37.2428800" lon="-80.4835300"><time>2026-01-01T11:51:05Z</time></trkpt><trkpt lat="37.2428100" lon="-80.4832900"><time>2026-01-01T11:51:17Z</time></trkpt><trkpt lat="37.2427900" lon="-80.4830300"><time>2026-01-01T11:51:30Z</time></trkpt><trkpt lat="37.2424500" lon="-80.4829400"><time>2026-01-01T11:51:43Z</time></trkpt><trkpt lat="37.2423800" lon="-80.4828400"><time>2026-01-01T11:51:55Z</time></trkpt><trkpt lat="37.2422100" lon="-80.4822700"><time>2026-01-01T11:52:08Z</time></trkpt><trkpt lat="37.2421300" lon="-80.4818800"><time>2026-01-01T11:52:20Z</time></trkpt><trkpt lat="37.2420300" lon="-80.4818000"><time>2026-01-01T11:52:33Z</time></trkpt><trkpt lat="37.2420600" lon="-80.4818000"><time>2026-01-01T11:52:46Z</time></trkpt><trkpt lat="37.2421999" lon="-80.4815402"><time>2026-01-01T11:52:58Z</time></trkpt><trkpt lat="37.2420600" lon="-80.4818000"><time>2026-01-01T11:53:11Z</time></trkpt><trkpt lat="37.2420300" lon="-80.4818000"><time>2026-01-01T11:53:23Z</time></trkpt><trkpt lat="37.2420100" lon="-80.4818000"><time>2026-01-01T11:53:36Z</time></trkpt><trkpt lat="37.2417500" lon="-80.4813600"><time>2026-01-01T11:53:49Z</time></trkpt><trkpt lat="37.2416500" lon="-80.4813500"><time>2026-01-01T11:54:01Z</time></trkpt><trkpt lat="37.2417000" lon="-80.4817000"><time>2026-01-01T11:54:14Z</time></trkpt><trkpt lat="37.2416600" lon="-80.4818900"><time>2026-01-01T11:54:26Z</time></trkpt><trkpt lat="37.2415600" lon="-80.4820700"><time>2026-01-01T11:54:39Z</time></trkpt><trkpt lat="37.2415400" lon="-80.4823200"><time>2026-01-01T11:54:52Z</time></trkpt><trkpt lat="37.2414400" lon="-80.4823200"><time>2026-01-01T11:55:04Z</time></trkpt><trkpt lat="37.2414300" lon="-80.4820500"><time>2026-01-01T11:55:17Z</time></trkpt><trkpt lat="37.2414460" lon="-80.4819567"><time>2026-01-01T11:55:29Z</time></trkpt><trkpt lat="37.2415100" lon="-80.4817500"><time>2026-01-01T11:55:42Z</time></trkpt><trkpt lat="37.2414800" lon="-80.4816200"><time>2026-01-01T11:55:55Z</time></trkpt><trkpt lat="37.2410400" lon="-80.4810600"><time>2026-01-01T11:56:07Z</time></trkpt><trkpt lat="37.2410800" lon="-80.4807000"><time>2026-01-01T11:56:20Z</time></trkpt><trkpt lat="37.2410400" lon="-80.4806200"><time>2026-01-01T11:56:32Z</time></trkpt><trkpt lat="37.2409800" lon="-80.4806400"><time>2026-01-01T11:56:45Z</time></trkpt><trkpt lat="37.2407300" lon="-80.4809600"><time>2026-01-01T11:56:58Z</time></trkpt><trkpt lat="37.2406700" lon="-80.4812300"><time>2026-01-01T11:57:10Z</time></trkpt><trkpt lat="37.2407300" lon="-80.4815400"><time>2026-01-01T11:57:23Z</time></trkpt><trkpt lat="37.2408600" lon="-80.4818100"><time>2026-01-01T11:57:35Z</time></trkpt><trkpt lat="37.2407200" lon="-80.4818000"><time>2026-01-01T11:57:48Z</time></trkpt><trkpt lat="37.2405500" lon="-80.4816300"><time>2026-01-01T11:58:00Z</time></trkpt><trkpt lat="37.2403800" lon="-80.4813200"><time>2026-01-01T11:58:13Z</time></trkpt><trkpt lat="37.2403300" lon="-80.4809900"><time>2026-01-01T11:58:26Z</time></trkpt><trkpt lat="37.2405000" lon="-80.4806000"><time>2026-01-01T11:58:38Z</time></trkpt><trkpt lat="37.2405125" lon="-80.4804088"><time>2026-01-01T11:58:51Z</time></trkpt><trkpt lat="37.2405300" lon="-80.4801400"><time>2026-01-01T11:59:03Z</time></trkpt><trkpt lat="37.2404700" lon="-80.4797300"><time>2026-01-01T11:59:16Z</time></trkpt><trkpt lat="37.2405100" lon="-80.4794200"><time>2026-01-01T11:59:29Z</time></trkpt><trkpt lat="37.2404700" lon="-80.4793400"><time>2026-01-01T11:59:41Z</time></trkpt><trkpt lat="37.2403100" lon="-80.4794400"><time>2026-01-01T11:59:54Z</time></trkpt><trkpt lat="37.2402300" lon="-80.4798000"><time>2026-01-01T12:00:06Z</time></trkpt><trkpt lat="37.2401700" lon="-80.4797700"><time>2026-01-01T12:00:19Z</time></trkpt><trkpt lat="37.2401300" lon="-80.4791400"><time>2026-01-01T12:00:32Z</time></trkpt><trkpt lat="37.2401700" lon="-80.4789800"><time>2026-01-01T12:00:44Z</time></trkpt><trkpt lat="37.2404300" lon="-80.4790000"><time>2026-01-01T12:00:57Z</time></trkpt><trkpt lat="37.2404800" lon="-80.4789400"><time>2026-01-01T12:01:09Z</time></trkpt><trkpt lat="37.2404200" lon="-80.4788800"><time>2026-01-01T12:01:22Z</time></trkpt><trkpt lat="37.2402100" lon="-80.4788100"><time>2026-01-01T12:01:35Z</time></trkpt><trkpt lat="37.2400800" lon="-80.4786400"><time>2026-01-01T12:01:47Z</time></trkpt><trkpt lat="37.2399300" lon="-80.4787300"><time>2026-01-01T12:02:00Z</time></trkpt><trkpt lat="37.2398600" lon="-80.4790600"><time>2026-01-01T12:02:12Z</time></trkpt><trkpt lat="37.2397259" lon="-80.4792599"><time>2026-01-01T12:02:25Z</time></trkpt><trkpt lat="37.2397400" lon="-80.4784600"><time>2026-01-01T12:02:38Z</time></trkpt><trkpt lat="37.2398600" lon="-80.4779300"><time>2026-01-01T12:02:50Z</time></trkpt><trkpt lat="37.2398700" lon="-80.4777467"><time>2026-01-01T12:03:03Z</time></trkpt><trkpt lat="37.2399100" lon="-80.4777500"><time>2026-01-01T12:03:15Z</time></trkpt><trkpt lat="37.2399600" lon="-80.4778500"><time>2026-01-01T12:03:28Z</time></trkpt><trkpt lat="37.2399800" lon="-80.4779000"><time>2026-01-01T12:03:41Z</time></trkpt><trkpt lat="37.2399800" lon="-80.4779300"><time>2026-01-01T12:03:53Z</time></trkpt><trkpt lat="37.2399900" lon="-80.4779400"><time>2026-01-01T12:04:06Z</time></trkpt><trkpt lat="37.2400200" lon="-80.4778500"><time>2026-01-01T12:04:18Z</time></trkpt><trkpt lat="37.2400200" lon="-80.4777800"><time>2026-01-01T12:04:31Z</time></trkpt><trkpt lat="37.2400300" lon="-80.4777600"><time>2026-01-01T12:04:43Z</time></trkpt><trkpt lat="37.2400300" lon="-80.4776300"><time>2026-01-01T12:04:56Z</time></trkpt><trkpt lat="37.2399900" lon="-80.4775200"><time>2026-01-01T12:05:09Z</time></trkpt><trkpt lat="37.2399400" lon="-80.4774300"><time>2026-01-01T12:05:21Z</time></trkpt><trkpt lat="37.2398900" lon="-80.4773100"><time>2026-01-01T12:05:34Z</time></trkpt><trkpt lat="37.2398100" lon="-80.4772100"><time>2026-01-01T12:05:46Z</time></trkpt><trkpt lat="37.2397600" lon="-80.4770900"><time>2026-01-01T12:05:59Z</time></trkpt><trkpt lat="37.2397600" lon="-80.4770000"><time>2026-01-01T12:06:12Z</time></trkpt><trkpt lat="37.2398100" lon="-80.4768800"><time>2026-01-01T12:06:24Z</time></trkpt><trkpt lat="37.2398600" lon="-80.4768500"><time>2026-01-01T12:06:37Z</time></trkpt><trkpt lat="37.2398700" lon="-80.4768300"><time>2026-01-01T12:06:49Z</time></trkpt><trkpt lat="37.2399100" lon="-80.4768100"><time>2026-01-01T12:07:02Z</time></trkpt><trkpt lat="37.2400100" lon="-80.4767200"><time>2026-01-01T12:07:15Z</time></trkpt><trkpt lat="37.2400700" lon="-80.4766500"><time>2026-01-01T12:07:27Z</time></trkpt><trkpt lat="37.2400800" lon="-80.4766200"><time>2026-01-01T12:07:40Z</time></trkpt><trkpt lat="37.2401200" lon="-80.4765800"><time>2026-01-01T12:07:52Z</time></trkpt><trkpt lat="37.2401300" lon="-80.4765500"><time>2026-01-01T12:08:05Z</time></trkpt><trkpt lat="37.2401900" lon="-80.4764700"><time>2026-01-01T12:08:18Z</time></trkpt><trkpt lat="37.2402100" lon="-80.4764800"><time>2026-01-01T12:08:30Z</time></trkpt><trkpt lat="37.2402200" lon="-80.4765100"><time>2026-01-01T12:08:43Z</time></trkpt><trkpt lat="37.2402200" lon="-80.4765700"><time>2026-01-01T12:08:55Z</time></trkpt><trkpt lat="37.2402100" lon="-80.4766000"><time>2026-01-01T12:09:08Z</time></trkpt><trkpt lat="37.2401800" lon="-80.4766400"><time>2026-01-01T12:09:21Z</time></trkpt><trkpt lat="37.2401500" lon="-80.4767200"><time>2026-01-01T12:09:33Z</time></trkpt><trkpt lat="37.2401300" lon="-80.4767900"><time>2026-01-01T12:09:46Z</time></trkpt><trkpt lat="37.2401200" lon="-80.4768600"><time>2026-01-01T12:09:58Z</time></trkpt><trkpt lat="37.2401200" lon="-80.4768900"><time>2026-01-01T12:10:11Z</time></trkpt><trkpt lat="37.2401500" lon="-80.4769700"><time>2026-01-01T12:10:23Z</time></trkpt><trkpt lat="37.2402000" lon="-80.4770600"><time>2026-01-01T12:10:36Z</time></trkpt><trkpt lat="37.2402500" lon="-80.4771000"><time>2026-01-01T12:10:49Z</time></trkpt><trkpt lat="37.2402800" lon="-80.4771400"><time>2026-01-01T12:11:01Z</time></trkpt><trkpt lat="37.2403100" lon="-80.4771500"><time>2026-01-01T12:11:14Z</time></trkpt><trkpt lat="37.2403200" lon="-80.4771700"><time>2026-01-01T12:11:26Z</time></trkpt><trkpt lat="37.2403400" lon="-80.4771800"><time>2026-01-01T12:11:39Z</time></trkpt><trkpt lat="37.2403600" lon="-80.4772100"><time>2026-01-01T12:11:52Z</time></trkpt><trkpt lat="37.2403900" lon="-80.4772200"><time>2026-01-01T12:12:04Z</time></trkpt><trkpt lat="37.2404300" lon="-80.4772200"><time>2026-01-01T12:12:17Z</time></trkpt><trkpt lat="37.2404800" lon="-80.4772000"><time>2026-01-01T12:12:29Z</time></trkpt><trkpt lat="37.2405000" lon="-80.4771800"><time>2026-01-01T12:12:42Z</time></trkpt><trkpt lat="37.2405200" lon="-80.4771400"><time>2026-01-01T12:12:55Z</time></trkpt><trkpt lat="37.2405200" lon="-80.4770600"><time>2026-01-01T12:13:07Z</time></trkpt><trkpt lat="37.2404700" lon="-80.4769400"><time>2026-01-01T12:13:20Z</time></trkpt><trkpt lat="37.2404800" lon="-80.4768900"><time>2026-01-01T12:13:32Z</time></trkpt><trkpt lat="37.2404900" lon="-80.4768700"><time>2026-01-01T12:13:45Z</time></trkpt><trkpt lat="37.2405700" lon="-80.4767900"><time>2026-01-01T12:13:58Z</time></trkpt><trkpt lat="37.2406300" lon="-80.4767900"><time>2026-01-01T12:14:10Z</time></trkpt><trkpt lat="37.2406500" lon="-80.4767800"><time>2026-01-01T12:14:23Z</time></trkpt><trkpt lat="37.2406700" lon="-80.4767900"><time>2026-01-01T12:14:35Z</time></trkpt><trkpt lat="37.2406700" lon="-80.4767700"><time>2026-01-01T12:14:48Z</time></trkpt><trkpt lat="37.2407000" lon="-80.4767200"><time>2026-01-01T12:15:01Z</time></trkpt><trkpt lat="37.2407600" lon="-80.4766800"><time>2026-01-01T12:15:13Z</time></trkpt><trkpt lat="37.2408300" lon="-80.4766100"><time>2026-01-01T12:15:26Z</time></trkpt><trkpt lat="37.2408600" lon="-80.4765400"><time>2026-01-01T12:15:38Z</time></trkpt><trkpt lat="37.2408600" lon="-80.4764900"><time>2026-01-01T12:15:51Z</time></trkpt><trkpt lat="37.2408500" lon="-80.4764600"><time>2026-01-01T12:16:04Z</time></trkpt><trkpt lat="37.2408500" lon="-80.4763600"><time>2026-01-01T12:16:16Z</time></trkpt><trkpt lat="37.2409000" lon="-80.4762600"><time>2026-01-01T12:16:29Z</time></trkpt><trkpt lat="37.2409100" lon="-80.4762300"><time>2026-01-01T12:16:41Z</time></trkpt><trkpt lat="37.2409100" lon="-80.4761900"><time>2026-01-01T12:16:54Z</time></trkpt><trkpt lat="37.2408900" lon="-80.4761700"><time>2026-01-01T12:17:06Z</time></trkpt><trkpt lat="37.2408500" lon="-80.4761500"><time>2026-01-01T12:17:19Z</time></trkpt><trkpt lat="37.2406500" lon="-80.4761500"><time>2026-01-01T12:17:32Z</time></trkpt><trkpt lat="37.2406100" lon="-80.4761400"><time>2026-01-01T12:17:44Z</time></trkpt><trkpt lat="37.2405700" lon="-80.4761100"><time>2026-01-01T12:17:57Z</time></trkpt><trkpt lat="37.2405400" lon="-80.4760700"><time>2026-01-01T12:18:09Z</time></trkpt><trkpt lat="37.2405400" lon="-80.4760500"><time>2026-01-01T12:18:22Z</time></trkpt><trkpt lat="37.2405100" lon="-80.4760000"><time>2026-01-01T12:18:35Z</time></trkpt><trkpt lat="37.2404800" lon="-80.4759800"><time>2026-01-01T12:18:47Z</time></trkpt><trkpt lat="37.2403900" lon="-80.4759900"><time>2026-01-01T12:19:00Z</time></trkpt><trkpt lat="37.2403000" lon="-80.4760500"><time>2026-01-01T12:19:12Z</time></trkpt><trkpt lat="37.2402700" lon="-80.4760600"><time>2026-01-01T12:19:25Z</time></trkpt><trkpt lat="37.2402200" lon="-80.4760600"><time>2026-01-01T12:19:38Z</time></trkpt><trkpt lat="37.2400300" lon="-80.4759200"><time>2026-01-01T12:19:50Z</time></trkpt><trkpt lat="37.2400000" lon="-80.4759200"><time>2026-01-01T12:20:03Z</time></trkpt><trkpt lat="37.2399800" lon="-80.4759100"><time>2026-01-01T12:20:15Z</time></trkpt><trkpt lat="37.2399500" lon="-80.4759200"><time>2026-01-01T12:20:28Z</time></trkpt><trkpt lat="37.2399300" lon="-80.4759100"><time>2026-01-01T12:20:41Z</time></trkpt><trkpt lat="37.2398100" lon="-80.4759100"><time>2026-01-01T12:20:53Z</time></trkpt><trkpt lat="37.2397700" lon="-80.4759400"><time>2026-01-01T12:21:06Z</time></trkpt><trkpt lat="37.2397300" lon="-80.4759500"><time>2026-01-01T12:21:18Z</time></trkpt><trkpt lat="37.2396800" lon="-80.4759500"><time>2026-01-01T12:21:31Z</time></trkpt><trkpt lat="37.2396600" lon="-80.4759300"><time>2026-01-01T12:21:44Z</time></trkpt><trkpt lat="37.2396500" lon="-80.4759100"><time>2026-01-01T12:21:56Z</time></trkpt><trkpt lat="37.2396500" lon="-80.4758800"><time>2026-01-01T12:22:09Z</time></trkpt><trkpt lat="37.2396700" lon="-80.4758400"><time>2026-01-01T12:22:21Z</time></trkpt><trkpt lat="37.2397000" lon="-80.4758100"><time>2026-01-01T12:22:34Z</time></trkpt><trkpt lat="37.2397400" lon="-80.4757900"><time>2026-01-01T12:22:47Z</time></trkpt><trkpt lat="37.2398100" lon="-80.4757700"><time>2026-01-01T12:22:59Z</time></trkpt><trkpt lat="37.2398200" lon="-80.4757500"><time>2026-01-01T12:23:12Z</time></trkpt><trkpt lat="37.2398000" lon="-80.4757400"><time>2026-01-01T12:23:24Z</time></trkpt><trkpt lat="37.2397200" lon="-80.4757600"><time>2026-01-01T12:23:37Z</time></trkpt><trkpt lat="37.2395900" lon="-80.4757500"><time>2026-01-01T12:23:49Z</time></trkpt><trkpt lat="37.2395600" lon="-80.4757600"><time>2026-01-01T12:24:02Z</time></trkpt><trkpt lat="37.2395000" lon="-80.4757300"><time>2026-01-01T12:24:15Z</time></trkpt><trkpt lat="37.2394500" lon="-80.4756900"><time>2026-01-01T12:24:27Z</time></trkpt><trkpt lat="37.2393700" lon="-80.4757000"><time>2026-01-01T12:24:40Z</time></trkpt><trkpt lat="37.2393500" lon="-80.4756900"><time>2026-01-01T12:24:52Z</time></trkpt><trkpt lat="37.2393200" lon="-80.4756900"><time>2026-01-01T12:25:05Z</time></trkpt><trkpt lat="37.2392700" lon="-80.4757000"><time>2026-01-01T12:25:18Z</time></trkpt><trkpt lat="37.2392100" lon="-80.4757600"><time>2026-01-01T12:25:30Z</time></trkpt><trkpt lat="37.2391800" lon="-80.4758300"><time>2026-01-01T12:25:43Z</time></trkpt><trkpt lat="37.2391400" lon="-80.4758400"><time>2026-01-01T12:25:55Z</time></trkpt><trkpt lat="37.2391000" lon="-80.4758100"><time>2026-01-01T12:26:08Z</time></trkpt><trkpt lat="37.2391000" lon="-80.4756600"><time>2026-01-01T12:26:21Z</time></trkpt><trkpt lat="37.2390700" lon="-80.4755900"><time>2026-01-01T12:26:33Z</time></trkpt><trkpt lat="37.2390700" lon="-80.4755300"><time>2026-01-01T12:26:46Z</time></trkpt><trkpt lat="37.2390600" lon="-80.4755200"><time>2026-01-01T12:26:58Z</time></trkpt><trkpt lat="37.2390600" lon="-80.4755000"><time>2026-01-01T12:27:11Z</time></trkpt><trkpt lat="37.2390400" lon="-80.4754800"><time>2026-01-01T12:27:24Z</time></trkpt><trkpt lat="37.2390100" lon="-80.4754700"><time>2026-01-01T12:27:36Z</time></trkpt><trkpt lat="37.2389800" lon="-80.4754700"><time>2026-01-01T12:27:49Z</time></trkpt><trkpt lat="37.2389500" lon="-80.4754900"><time>2026-01-01T12:28:01Z</time></trkpt><trkpt lat="37.2389300" lon="-80.4755200"><time>2026-01-01T12:28:14Z</time></trkpt><trkpt lat="37.2389000" lon="-80.4755400"><time>2026-01-01T12:28:27Z</time></trkpt><trkpt lat="37.2388800" lon="-80.4755900"><time>2026-01-01T12:28:39Z</time></trkpt><trkpt lat="37.2388800" lon="-80.4756600"><time>2026-01-01T12:28:52Z</time></trkpt><trkpt lat="37.2388900" lon="-80.4757100"><time>2026-01-01T12:29:04Z</time></trkpt><trkpt lat="37.2389200" lon="-80.4757900"><time>2026-01-01T12:29:17Z</time></trkpt><trkpt lat="37.2389200" lon="-80.4758500"><time>2026-01-01T12:29:30Z</time></trkpt><trkpt lat="37.2389100" lon="-80.4758700"><time>2026-01-01T12:29:42Z</time></trkpt><trkpt lat="37.2389100" lon="-80.4758900"><time>2026-01-01T12:29:55Z</time></trkpt><trkpt lat="37.2389200" lon="-80.4759200"><time>2026-01-01T12:30:07Z</time></trkpt><trkpt lat="37.2389100" lon="-80.4759400"><time>2026-01-01T12:30:20Z</time></trkpt><trkpt lat="37.2389100" lon="-80.4759800"><time>2026-01-01T12:30:32Z</time></trkpt><trkpt lat="37.2389200" lon="-80.4760000"><time>2026-01-01T12:30:45Z</time></trkpt><trkpt lat="37.2389200" lon="-80.4760400"><time>2026-01-01T12:30:58Z</time></trkpt><trkpt lat="37.2389100" lon="-80.4760500"><time>2026-01-01T12:31:10Z</time></trkpt><trkpt lat="37.2388785" lon="-80.4760334"><time>2026-01-01T12:31:23Z</time></trkpt><trkpt lat="37.2382000" lon="-80.4746400"><time>2026-01-01T12:31:35Z</time></trkpt><trkpt lat="37.2380800" lon="-80.4743100"><time>2026-01-01T12:31:48Z</time></trkpt><trkpt lat="37.2380709" lon="-80.4742443"><time>2026-01-01T12:32:01Z</time></trkpt><trkpt lat="37.2380978" lon="-80.4742103"><time>2026-01-01T12:32:13Z</time></trkpt><trkpt lat="37.2381247" lon="-80.4741763"><time>2026-01-01T12:32:26Z</time></trkpt><trkpt lat="37.2381516" lon="-80.4741423"><time>2026-01-01T12:32:38Z</time></trkpt><trkpt lat="37.2381785" lon="-80.4741083"><time>2026-01-01T12:32:51Z</time></trkpt><trkpt lat="37.2382054" lon="-80.4740743"><time>2026-01-01T12:33:04Z</time></trkpt><trkpt lat="37.2382323" lon="-80.4740403"><time>2026-01-01T12:33:16Z</time></trkpt><trkpt lat="37.2382592" lon="-80.4740063"><time>2026-01-01T12:33:29Z</time></trkpt><trkpt lat="37.2382861" lon="-80.4739723"><time>2026-01-01T12:33:41Z</time></trkpt><trkpt lat="37.2383129" lon="-80.4739383"><time>2026-01-01T12:33:54Z</time></trkpt><trkpt lat="37.2383398" lon="-80.4739043"><time>2026-01-01T12:34:07Z</time></trkpt><trkpt lat="37.2383667" lon="-80.4738702"><time>2026-01-01T12:34:19Z</time></trkpt><trkpt lat="37.2383936" lon="-80.4738362"><time>2026-01-01T12:34:32Z</time></trkpt><trkpt lat="37.2384205" lon="-80.4738022"><time>2026-01-01T12:34:44Z</time></trkpt><trkpt lat="37.2384474" lon="-80.4737682"><time>2026-01-01T12:34:57Z</time></trkpt><trkpt lat="37.2384743" lon="-80.4737342"><time>2026-01-01T12:35:10Z</time></trkpt><trkpt lat="37.2384741" lon="-80.4737004"><time>2026-01-01T12:35:22Z</time></trkpt><trkpt lat="37.2384740" lon="-80.4736666"><time>2026-01-01T12:35:35Z</time></trkpt><trkpt lat="37.2385009" lon="-80.4736326"><time>2026-01-01T12:35:47Z</time></trkpt><trkpt lat="37.2385278" lon="-80.4735985"><time>2026-01-01T12:36:00Z</time></trkpt><trkpt lat="37.2385276" lon="-80.4735647"><time>2026-01-01T12:36:12Z</time></trkpt><trkpt lat="37.2385545" lon="-80.4735307"><time>2026-01-01T12:36:25Z</time></trkpt><trkpt lat="37.2385544" lon="-80.4734969"><time>2026-01-01T12:36:38Z</time></trkpt><trkpt lat="37.2385542" lon="-80.4734631"><time>2026-01-01T12:36:50Z</time></trkpt><trkpt lat="37.2385541" lon="-80.4734293"><time>2026-01-01T12:37:03Z</time></trkpt><trkpt lat="37.2385539" lon="-80.4733954"><time>2026-01-01T12:37:15Z</time></trkpt><trkpt lat="37.2385538" lon="-80.4733616"><time>2026-01-01T12:37:28Z</time></trkpt><trkpt lat="37.2385807" lon="-80.4733276"><time>2026-01-01T12:37:41Z</time></trkpt><trkpt lat="37.2386075" lon="-80.4732936"><time>2026-01-01T12:37:53Z</time></trkpt><trkpt lat="37.2386344" lon="-80.4732596"><time>2026-01-01T12:38:06Z</time></trkpt><trkpt lat="37.2386613" lon="-80.4732256"><time>2026-01-01T12:38:18Z</time></trkpt><trkpt lat="37.2386882" lon="-80.4731916"><time>2026-01-01T12:38:31Z</time></trkpt><trkpt lat="37.2387151" lon="-80.4731576"><time>2026-01-01T12:38:44Z</time></trkpt><trkpt lat="37.2387420" lon="-80.4731235"><time>2026-01-01T12:38:56Z</time></trkpt><trkpt lat="37.2387689" lon="-80.4730895"><time>2026-01-01T12:39:09Z</time></trkpt><trkpt lat="37.2387958" lon="-80.4730555"><time>2026-01-01T12:39:21Z</time></trkpt><trkpt lat="37.2388227" lon="-80.4730215"><time>2026-01-01T12:39:34Z</time></trkpt><trkpt lat="37.2388496" lon="-80.4729875"><time>2026-01-01T12:39:47Z</time></trkpt><trkpt lat="37.2388766" lon="-80.4729873"><time>2026-01-01T12:39:59Z</time></trkpt><trkpt lat="37.2389035" lon="-80.4729533"><time>2026-01-01T12:40:12Z</time></trkpt><trkpt lat="37.2389305" lon="-80.4729531"><time>2026-01-01T12:40:24Z</time></trkpt><trkpt lat="37.2389576" lon="-80.4729529"><time>2026-01-01T12:40:37Z</time></trkpt><trkpt lat="37.2389845" lon="-80.4729189"><time>2026-01-01T12:40:50Z</time></trkpt><trkpt lat="37.2390115" lon="-80.4729187"><time>2026-01-01T12:41:02Z</time></trkpt><trkpt lat="37.2390384" lon="-80.4728847"><time>2026-01-01T12:41:15Z</time></trkpt><trkpt lat="37.2390653" lon="-80.4728507"><time>2026-01-01T12:41:27Z</time></trkpt><trkpt lat="37.2390922" lon="-80.4728167"><time>2026-01-01T12:41:40Z</time></trkpt><trkpt lat="37.2391191" lon="-80.4727827"><time>2026-01-01T12:41:53Z</time></trkpt><trkpt lat="37.2391460" lon="-80.4727487"><time>2026-01-01T12:42:05Z</time></trkpt><trkpt lat="37.2391728" lon="-80.4727147"><time>2026-01-01T12:42:18Z</time></trkpt><trkpt lat="37.2391997" lon="-80.4726807"><time>2026-01-01T12:42:30Z</time></trkpt><trkpt lat="37.2392266" lon="-80.4726467"><time>2026-01-01T12:42:43Z</time></trkpt><trkpt lat="37.2392535" lon="-80.4726126"><time>2026-01-01T12:42:55Z</time></trkpt><trkpt lat="37.2392804" lon="-80.4725786"><time>2026-01-01T12:43:08Z</time></trkpt><trkpt lat="37.2393074" lon="-80.4725784"><time>2026-01-01T12:43:21Z</time></trkpt><trkpt lat="37.2393345" lon="-80.4725783"><time>2026-01-01T12:43:33Z</time></trkpt><trkpt lat="37.2393615" lon="-80.4725781"><time>2026-01-01T12:43:46Z</time></trkpt><trkpt lat="37.2393886" lon="-80.4725779"><time>2026-01-01T12:43:58Z</time></trkpt><trkpt lat="37.2394155" lon="-80.4725439"><time>2026-01-01T12:44:11Z</time></trkpt><trkpt lat="37.2394424" lon="-80.4725099"><time>2026-01-01T12:44:24Z</time></trkpt><trkpt lat="37.2394692" lon="-80.4724758"><time>2026-01-01T12:44:36Z</time></trkpt><trkpt lat="37.2394961" lon="-80.4724418"><time>2026-01-01T12:44:49Z</time></trkpt><trkpt lat="37.2395230" lon="-80.4724078"><time>2026-01-01T12:45:01Z</time></trkpt><trkpt lat="37.2395499" lon="-80.4723738"><time>2026-01-01T12:45:14Z</time></trkpt><trkpt lat="37.2395768" lon="-80.4723398"><time>2026-01-01T12:45:27Z</time></trkpt><trkpt lat="37.2396037" lon="-80.4723058"><time>2026-01-01T12:45:39Z</time></trkpt><trkpt lat="37.2396307" lon="-80.4723056"><time>2026-01-01T12:45:52Z</time></trkpt><trkpt lat="37.2396578" lon="-80.4723054"><time>2026-01-01T12:46:04Z</time></trkpt><trkpt lat="37.2396848" lon="-80.4723052"><time>2026-01-01T12:46:17Z</time></trkpt><trkpt lat="37.2397119" lon="-80.4723050"><time>2026-01-01T12:46:30Z</time></trkpt><trkpt lat="37.2397387" lon="-80.4722710"><time>2026-01-01T12:46:42Z</time></trkpt><trkpt lat="37.2397656" lon="-80.4722370"><time>2026-01-01T12:46:55Z</time></trkpt><trkpt lat="37.2397925" lon="-80.4722030"><time>2026-01-01T12:47:07Z</time></trkpt><trkpt lat="37.2397924" lon="-80.4721692"><time>2026-01-01T12:47:20Z</time></trkpt><trkpt lat="37.2398193" lon="-80.4721352"><time>2026-01-01T12:47:33Z</time></trkpt><trkpt lat="37.2398191" lon="-80.4721014"><time>2026-01-01T12:47:45Z</time></trkpt><trkpt lat="37.2398190" lon="-80.4720675"><time>2026-01-01T12:47:58Z</time></trkpt><trkpt lat="37.2398459" lon="-80.4720335"><time>2026-01-01T12:48:10Z</time></trkpt><trkpt lat="37.2398457" lon="-80.4719997"><time>2026-01-01T12:48:23Z</time></trkpt><trkpt lat="37.2398456" lon="-80.4719659"><time>2026-01-01T12:48:36Z</time></trkpt><trkpt lat="37.2398724" lon="-80.4719319"><time>2026-01-01T12:48:48Z</time></trkpt><trkpt lat="37.2398723" lon="-80.4718980"><time>2026-01-01T12:49:01Z</time></trkpt><trkpt lat="37.2398721" lon="-80.4718642"><time>2026-01-01T12:49:13Z</time></trkpt><trkpt lat="37.2398720" lon="-80.4718304"><time>2026-01-01T12:49:26Z</time></trkpt><trkpt lat="37.2398718" lon="-80.4717966"><time>2026-01-01T12:49:38Z</time></trkpt><trkpt lat="37.2398717" lon="-80.4717628"><time>2026-01-01T12:49:51Z</time></trkpt><trkpt lat="37.2398715" lon="-80.4717289"><time>2026-01-01T12:50:04Z</time></trkpt><trkpt lat="37.2398714" lon="-80.4716951"><time>2026-01-01T12:50:16Z</time></trkpt><trkpt lat="37.2398712" lon="-80.4716613"><time>2026-01-01T12:50:29Z</time></trkpt><trkpt lat="37.2398711" lon="-80.4716275"><time>2026-01-01T12:50:41Z</time></trkpt><trkpt lat="37.2398709" lon="-80.4715936"><time>2026-01-01T12:50:54Z</time></trkpt><trkpt lat="37.2398708" lon="-80.4715598"><time>2026-01-01T12:51:07Z</time></trkpt><trkpt lat="37.2398977" lon="-80.4715258"><time>2026-01-01T12:51:19Z</time></trkpt><trkpt lat="37.2399246" lon="-80.4714918"><time>2026-01-01T12:51:32Z</time></trkpt><trkpt lat="37.2399244" lon="-80.4714580"><time>2026-01-01T12:51:44Z</time></trkpt><trkpt lat="37.2399513" lon="-80.4714240"><time>2026-01-01T12:51:57Z</time></trkpt><trkpt lat="37.2399782" lon="-80.4713900"><time>2026-01-01T12:52:10Z</time></trkpt><trkpt lat="37.2399780" lon="-80.4713561"><time>2026-01-01T12:52:22Z</time></trkpt><trkpt lat="37.2400049" lon="-80.4713221"><time>2026-01-01T12:52:35Z</time></trkpt><trkpt lat="37.2400318" lon="-80.4712881"><time>2026-01-01T12:52:47Z</time></trkpt><trkpt lat="37.2400587" lon="-80.4712541"><time>2026-01-01T12:53:00Z</time></trkpt><trkpt lat="37.2400856" lon="-80.4712201"><time>2026-01-01T12:53:13Z</time></trkpt><trkpt lat="37.2400855" lon="-80.4711863"><time>2026-01-01T12:53:25Z</time></trkpt><trkpt lat="37.2400853" lon="-80.4711524"><time>2026-01-01T12:53:38Z</time></trkpt><trkpt lat="37.2400852" lon="-80.4711186"><time>2026-01-01T12:53:50Z</time></trkpt><trkpt lat="37.2400850" lon="-80.4710848"><time>2026-01-01T12:54:03Z</time></trkpt><trkpt lat="37.2400848" lon="-80.4710510"><time>2026-01-01T12:54:16Z</time></trkpt><trkpt lat="37.2400847" lon="-80.4710172"><time>2026-01-01T12:54:28Z</time></trkpt><trkpt lat="37.2400845" lon="-80.4709833"><time>2026-01-01T12:54:41Z</time></trkpt><trkpt lat="37.2400844" lon="-80.4709495"><time>2026-01-01T12:54:53Z</time></trkpt><trkpt lat="37.2400842" lon="-80.4709157"><time>2026-01-01T12:55:06Z</time></trkpt><trkpt lat="37.2400841" lon="-80.4708819"><time>2026-01-01T12:55:19Z</time></trkpt><trkpt lat="37.2400839" lon="-80.4708480"><time>2026-01-01T12:55:31Z</time></trkpt><trkpt lat="37.2400838" lon="-80.4708142"><time>2026-01-01T12:55:44Z</time></trkpt><trkpt lat="37.2401107" lon="-80.4707802"><time>2026-01-01T12:55:56Z</time></trkpt><trkpt lat="37.2401376" lon="-80.4707462"><time>2026-01-01T12:56:09Z</time></trkpt><trkpt lat="37.2401645" lon="-80.4707122"><time>2026-01-01T12:56:21Z</time></trkpt><trkpt lat="37.2401914" lon="-80.4706782"><time>2026-01-01T12:56:34Z</time></trkpt><trkpt lat="37.2402182" lon="-80.4706442"><time>2026-01-01T12:56:47Z</time></trkpt><trkpt lat="37.2402451" lon="-80.4706102"><time>2026-01-01T12:56:59Z</time></trkpt><trkpt lat="37.2402720" lon="-80.4705761"><time>2026-01-01T12:57:12Z</time></trkpt><trkpt lat="37.2402989" lon="-80.4705421"><time>2026-01-01T12:57:24Z</time></trkpt><trkpt lat="37.2403258" lon="-80.4705081"><time>2026-01-01T12:57:37Z</time></trkpt><trkpt lat="37.2403527" lon="-80.4704741"><time>2026-01-01T12:57:50Z</time></trkpt><trkpt lat="37.2403525" lon="-80.4704403"><time>2026-01-01T12:58:02Z</time></trkpt><trkpt lat="37.2403794" lon="-80.4704063"><time>2026-01-01T12:58:15Z</time></trkpt><trkpt lat="37.2403793" lon="-80.4703725"><time>2026-01-01T12:58:27Z</time></trkpt><trkpt lat="37.2403791" lon="-80.4703386"><time>2026-01-01T12:58:40Z</time></trkpt><trkpt lat="37.2403790" lon="-80.4703048"><time>2026-01-01T12:58:53Z</time></trkpt><trkpt lat="37.2403788" lon="-80.4702710"><time>2026-01-01T12:59:05Z</time></trkpt><trkpt lat="37.2403787" lon="-80.4702372"><time>2026-01-01T12:59:18Z</time></trkpt><trkpt lat="37.2403785" lon="-80.4702033"><time>2026-01-01T12:59:30Z</time></trkpt><trkpt lat="37.2403784" lon="-80.4701695"><time>2026-01-01T12:59:43Z</time></trkpt><trkpt lat="37.2404053" lon="-80.4701355"><time>2026-01-01T12:59:56Z</time></trkpt><trkpt lat="37.2404321" lon="-80.4701015"><time>2026-01-01T13:00:08Z</time></trkpt><trkpt lat="37.2404590" lon="-80.4700675"><time>2026-01-01T13:00:21Z</time></trkpt><trkpt lat="37.2404859" lon="-80.4700335"><time>2026-01-01T13:00:33Z</time></trkpt><trkpt lat="37.2405128" lon="-80.4699995"><time>2026-01-01T13:00:46Z</time></trkpt><trkpt lat="37.2405397" lon="-80.4699655"><time>2026-01-01T13:00:59Z</time></trkpt><trkpt lat="37.2405666" lon="-80.4699314"><time>2026-01-01T13:01:11Z</time></trkpt><trkpt lat="37.2405935" lon="-80.4698974"><time>2026-01-01T13:01:24Z</time></trkpt><trkpt lat="37.2405933" lon="-80.4698636"><time>2026-01-01T13:01:36Z</time></trkpt><trkpt lat="37.2405932" lon="-80.4698298"><time>2026-01-01T13:01:49Z</time></trkpt><trkpt lat="37.2405930" lon="-80.4697960"><time>2026-01-01T13:02:01Z</time></trkpt><trkpt lat="37.2405929" lon="-80.4697621"><time>2026-01-01T13:02:14Z</time></trkpt><trkpt lat="37.2405927" lon="-80.4697283"><time>2026-01-01T13:02:27Z</time></trkpt><trkpt lat="37.2405926" lon="-80.4696945"><time>2026-01-01T13:02:39Z</time></trkpt><trkpt lat="37.2405924" lon="-80.4696607"><time>2026-01-01T13:02:52Z</time></trkpt><trkpt lat="37.2405923" lon="-80.4696269"><time>2026-01-01T13:03:04Z</time></trkpt><trkpt lat="37.2405921" lon="-80.4695930"><time>2026-01-01T13:03:17Z</time></trkpt><trkpt lat="37.2405920" lon="-80.4695592"><time>2026-01-01T13:03:30Z</time></trkpt><trkpt lat="37.2406189" lon="-80.4695252"><time>2026-01-01T13:03:42Z</time></trkpt><trkpt lat="37.2406458" lon="-80.4694912"><time>2026-01-01T13:03:55Z</time></trkpt><trkpt lat="37.2406726" lon="-80.4694572"><time>2026-01-01T13:04:07Z</time></trkpt><trkpt lat="37.2406995" lon="-80.4694232"><time>2026-01-01T13:04:20Z</time></trkpt><trkpt lat="37.2407264" lon="-80.4693891"><time>2026-01-01T13:04:33Z</time></trkpt><trkpt lat="37.2407533" lon="-80.4693551"><time>2026-01-01T13:04:45Z</time></trkpt><trkpt lat="37.2407802" lon="-80.4693211"><time>2026-01-01T13:04:58Z</time></trkpt><trkpt lat="37.2408071" lon="-80.4692871"><time>2026-01-01T13:05:10Z</time></trkpt><trkpt lat="37.2408340" lon="-80.4692531"><time>2026-01-01T13:05:23Z</time></trkpt><trkpt lat="37.2408609" lon="-80.4692191"><time>2026-01-01T13:05:36Z</time></trkpt><trkpt lat="37.2408878" lon="-80.4691851"><time>2026-01-01T13:05:48Z</time></trkpt><trkpt lat="37.2409148" lon="-80.4691849"><time>2026-01-01T13:06:01Z</time></trkpt><trkpt lat="37.2409418" lon="-80.4691847"><time>2026-01-01T13:06:13Z</time></trkpt><trkpt lat="37.2409689" lon="-80.4691845"><time>2026-01-01T13:06:26Z</time></trkpt><trkpt lat="37.2409959" lon="-80.4691843"><time>2026-01-01T13:06:39Z</time></trkpt><trkpt lat="37.2410230" lon="-80.4691841"><time>2026-01-01T13:06:51Z</time></trkpt><trkpt lat="37.2410500" lon="-80.4691839"><time>2026-01-01T13:07:04Z</time></trkpt><trkpt lat="37.2410770" lon="-80.4691837"><time>2026-01-01T13:07:16Z</time></trkpt><trkpt lat="37.2411041" lon="-80.4691836"><time>2026-01-01T13:07:29Z</time></trkpt><trkpt lat="37.2411311" lon="-80.4691834"><time>2026-01-01T13:07:42Z</time></trkpt><trkpt lat="37.2411582" lon="-80.4691832"><time>2026-01-01T13:07:54Z</time></trkpt><trkpt lat="37.2411852" lon="-80.4691830"><time>2026-01-01T13:08:07Z</time></trkpt><trkpt lat="37.2412122" lon="-80.4691828"><time>2026-01-01T13:08:19Z</time></trkpt><trkpt lat="37.2412393" lon="-80.4691826"><time>2026-01-01T13:08:32Z</time></trkpt><trkpt lat="37.2412663" lon="-80.4691824"><time>2026-01-01T13:08:44Z</time></trkpt><trkpt lat="37.2412934" lon="-80.4691822"><time>2026-01-01T13:08:57Z</time></trkpt><trkpt lat="37.2413204" lon="-80.4691820"><time>2026-01-01T13:09:10Z</time></trkpt><trkpt lat="37.2413475" lon="-80.4691819"><time>2026-01-01T13:09:22Z</time></trkpt><trkpt lat="37.2413745" lon="-80.4691817"><time>2026-01-01T13:09:35Z</time></trkpt><trkpt lat="37.2414014" lon="-80.4691477"><time>2026-01-01T13:09:47Z</time></trkpt><trkpt lat="37.2414284" lon="-80.4691475"><time>2026-01-01T13:10:00Z</time></trkpt><trkpt lat="37.2414555" lon="-80.4691473"><time>2026-01-01T13:10:13Z</time></trkpt><trkpt lat="37.2414825" lon="-80.4691471"><time>2026-01-01T13:10:25Z</time></trkpt><trkpt lat="37.2415095" lon="-80.4691469"><time>2026-01-01T13:10:38Z</time></trkpt><trkpt lat="37.2415366" lon="-80.4691467"><time>2026-01-01T13:10:50Z</time></trkpt><trkpt lat="37.2415636" lon="-80.4691465"><time>2026-01-01T13:11:03Z</time></trkpt><trkpt lat="37.2415907" lon="-80.4691463"><time>2026-01-01T13:11:16Z</time></trkpt><trkpt lat="37.2416177" lon="-80.4691461"><time>2026-01-01T13:11:28Z</time></trkpt><trkpt lat="37.2416448" lon="-80.4691459"><time>2026-01-01T13:11:41Z</time></trkpt><trkpt lat="37.2416718" lon="-80.4691458"><time>2026-01-01T13:11:53Z</time></trkpt><trkpt lat="37.2416990" lon="-80.4691794"><time>2026-01-01T13:12:06Z</time></trkpt><trkpt lat="37.2417262" lon="-80.4692130"><time>2026-01-01T13:12:19Z</time></trkpt><trkpt lat="37.2417534" lon="-80.4692467"><time>2026-01-01T13:12:31Z</time></trkpt><trkpt lat="37.2417804" lon="-80.4692465"><time>2026-01-01T13:12:44Z</time></trkpt><trkpt lat="37.2418076" lon="-80.4692801"><time>2026-01-01T13:12:56Z</time></trkpt><trkpt lat="37.2418348" lon="-80.4693137"><time>2026-01-01T13:13:09Z</time></trkpt><trkpt lat="37.2418618" lon="-80.4693135"><time>2026-01-01T13:13:22Z</time></trkpt><trkpt lat="37.2418890" lon="-80.4693472"><time>2026-01-01T13:13:34Z</time></trkpt><trkpt lat="37.2419161" lon="-80.4693470"><time>2026-01-01T13:13:47Z</time></trkpt><trkpt lat="37.2419431" lon="-80.4693468"><time>2026-01-01T13:13:59Z</time></trkpt><trkpt lat="37.2419703" lon="-80.4693804"><time>2026-01-01T13:14:12Z</time></trkpt><trkpt lat="37.2419973" lon="-80.4693802"><time>2026-01-01T13:14:25Z</time></trkpt><trkpt lat="37.2420245" lon="-80.4694139"><time>2026-01-01T13:14:37Z</time></trkpt><trkpt lat="37.2420517" lon="-80.4694475"><time>2026-01-01T13:14:50Z</time></trkpt><trkpt lat="37.2420788" lon="-80.4694473"><time>2026-01-01T13:15:02Z</time></trkpt><trkpt lat="37.2421060" lon="-80.4694810"><time>2026-01-01T13:15:15Z</time></trkpt><trkpt lat="37.2421332" lon="-80.4695146"><time>2026-01-01T13:15:27Z</time></trkpt><trkpt lat="37.2421604" lon="-80.4695482"><time>2026-01-01T13:15:40Z</time></trkpt><trkpt lat="37.2421875" lon="-80.4695819"><time>2026-01-01T13:15:53Z</time></trkpt><trkpt lat="37.2422146" lon="-80.4695817"><time>2026-01-01T13:16:05Z</time></trkpt><trkpt lat="37.2422418" lon="-80.4696153"><time>2026-01-01T13:16:18Z</time></trkpt><trkpt lat="37.2422690" lon="-80.4696489"><time>2026-01-01T13:16:30Z</time></trkpt><trkpt lat="37.2422960" lon="-80.4696487"><time>2026-01-01T13:16:43Z</time></trkpt><trkpt lat="37.2423232" lon="-80.4696824"><time>2026-01-01T13:16:56Z</time></trkpt><trkpt lat="37.2423504" lon="-80.4697160"><time>2026-01-01T13:17:08Z</time></trkpt><trkpt lat="37.2423776" lon="-80.4697496"><time>2026-01-01T13:17:21Z</time></trkpt><trkpt lat="37.2424048" lon="-80.4697833"><time>2026-01-01T13:17:33Z</time></trkpt><trkpt lat="37.2424320" lon="-80.4698169"><time>2026-01-01T13:17:46Z</time></trkpt><trkpt lat="37.2424592" lon="-80.4698505"><time>2026-01-01T13:17:59Z</time></trkpt><trkpt lat="37.2424864" lon="-80.4698842"><time>2026-01-01T13:18:11Z</time></trkpt><trkpt lat="37.2425135" lon="-80.4699178"><time>2026-01-01T13:18:24Z</time></trkpt><trkpt lat="37.2425407" lon="-80.4699514"><time>2026-01-01T13:18:36Z</time></trkpt><trkpt lat="37.2425679" lon="-80.4699851"><time>2026-01-01T13:18:49Z</time></trkpt><trkpt lat="37.2425951" lon="-80.4700187"><time>2026-01-01T13:19:02Z</time></trkpt><trkpt lat="37.2426223" lon="-80.4700523"><time>2026-01-01T13:19:14Z</time></trkpt><trkpt lat="37.2426495" lon="-80.4700860"><time>2026-01-01T13:19:27Z</time></trkpt><trkpt lat="37.2426767" lon="-80.4701196"><time>2026-01-01T13:19:39Z</time></trkpt><trkpt lat="37.2426769" lon="-80.4701534"><time>2026-01-01T13:19:52Z</time></trkpt><trkpt lat="37.2426900" lon="-80.4702100"><time>2026-01-01T13:20:05Z</time></trkpt><trkpt lat="37.2427100" lon="-80.4702200"><time>2026-01-01T13:20:17Z</time></trkpt><trkpt lat="37.2427500" lon="-80.4702200"><time>2026-01-01T13:20:30Z</time></trkpt><trkpt lat="37.2427400" lon="-80.4702300"><time>2026-01-01T13:20:42Z</time></trkpt><trkpt lat="37.2427600" lon="-80.4702300"><time>2026-01-01T13:20:55Z</time></trkpt><trkpt lat="37.2427900" lon="-80.4702100"><time>2026-01-01T13:21:07Z</time></trkpt><trkpt lat="37.2427900" lon="-80.4702000"><time>2026-01-01T13:21:20Z</time></trkpt><trkpt lat="37.2428500" lon="-80.4702000"><time>2026-01-01T13:21:33Z</time></trkpt><trkpt lat="37.2428600" lon="-80.4701400"><time>2026-01-01T13:21:45Z</time></trkpt><trkpt lat="37.2428400" lon="-80.4701000"><time>2026-01-01T13:21:58Z</time></trkpt><trkpt lat="37.2428300" lon="-80.4700500"><time>2026-01-01T13:22:10Z</time></trkpt><trkpt lat="37.2428200" lon="-80.4700500"><time>2026-01-01T13:22:23Z</time></trkpt><trkpt lat="37.2428100" lon="-80.4700300"><time>2026-01-01T13:22:36Z</time></trkpt><trkpt lat="37.2428100" lon="-80.4700100"><time>2026-01-01T13:22:48Z</time></trkpt><trkpt lat="37.2428000" lon="-80.4700100"><time>2026-01-01T13:23:01Z</time></trkpt><trkpt lat="37.2428000" lon="-80.4699800"><time>2026-01-01T13:23:13Z</time></trkpt><trkpt lat="37.2427800" lon="-80.4699300"><time>2026-01-01T13:23:26Z</time></trkpt><trkpt lat="37.2427200" lon="-80.4698500"><time>2026-01-01T13:23:39Z</time></trkpt><trkpt lat="37.2426900" lon="-80.4697800"><time>2026-01-01T13:23:51Z</time></trkpt><trkpt lat="37.2426600" lon="-80.4697500"><time>2026-01-01T13:24:04Z</time></trkpt><trkpt lat="37.2426200" lon="-80.4696500"><time>2026-01-01T13:24:16Z</time></trkpt><trkpt lat="37.2426200" lon="-80.4696300"><time>2026-01-01T13:24:29Z</time></trkpt><trkpt lat="37.2426000" lon="-80.4695900"><time>2026-01-01T13:24:42Z</time></trkpt><trkpt lat="37.2425400" lon="-80.4695100"><time>2026-01-01T13:24:54Z</time></trkpt><trkpt lat="37.2425000" lon="-80.4694700"><time>2026-01-01T13:25:07Z</time></trkpt><trkpt lat="37.2424600" lon="-80.4693900"><time>2026-01-01T13:25:19Z</time></trkpt><trkpt lat="37.2424400" lon="-80.4693400"><time>2026-01-01T13:25:32Z</time></trkpt><trkpt lat="37.2424400" lon="-80.4693100"><time>2026-01-01T13:25:45Z</time></trkpt><trkpt lat="37.2424400" lon="-80.4692600"><time>2026-01-01T13:25:57Z</time></trkpt><trkpt lat="37.2424600" lon="-80.4692300"><time>2026-01-01T13:26:10Z</time></trkpt><trkpt lat="37.2425000" lon="-80.4692900"><time>2026-01-01T13:26:22Z</time></trkpt><trkpt lat="37.2425200" lon="-80.4693000"><time>2026-01-01T13:26:35Z</time></trkpt><trkpt lat="37.2425400" lon="-80.4693500"><time>2026-01-01T13:26:48Z</time></trkpt><trkpt lat="37.2426000" lon="-80.4694000"><time>2026-01-01T13:27:00Z</time></trkpt><trkpt lat="37.2426200" lon="-80.4694000"><time>2026-01-01T13:27:13Z</time></trkpt><trkpt lat="37.2426600" lon="-80.4694200"><time>2026-01-01T13:27:25Z</time></trkpt><trkpt lat="37.2427100" lon="-80.4694600"><time>2026-01-01T13:27:38Z</time></trkpt><trkpt lat="37.2427500" lon="-80.4695100"><time>2026-01-01T13:27:50Z</time></trkpt><trkpt lat="37.2427600" lon="-80.4695400"><time>2026-01-01T13:28:03Z</time></trkpt><trkpt lat="37.2428400" lon="-80.4696200"><time>2026-01-01T13:28:16Z</time></trkpt><trkpt lat="37.2428500" lon="-80.4696400"><time>2026-01-01T13:28:28Z</time></trkpt><trkpt lat="37.2429100" lon="-80.4697000"><time>2026-01-01T13:28:41Z</time></trkpt><trkpt lat="37.2429800" lon="-80.4697500"><time>2026-01-01T13:28:53Z</time></trkpt><trkpt lat="37.2430100" lon="-80.4697900"><time>2026-01-01T13:29:06Z</time></trkpt><trkpt lat="37.2430300" lon="-80.4697900"><time>2026-01-01T13:29:19Z</time></trkpt><trkpt lat="37.2431800" lon="-80.4698800"><time>2026-01-01T13:29:31Z</time></trkpt><trkpt lat="37.2432200" lon="-80.4698900"><time>2026-01-01T13:29:44Z</time></trkpt><trkpt lat="37.2432400" lon="-80.4699100"><time>2026-01-01T13:29:56Z</time></trkpt><trkpt lat="37.2432400" lon="-80.4699200"><time>2026-01-01T13:30:09Z</time></trkpt><trkpt lat="37.2432900" lon="-80.4699600"><time>2026-01-01T13:30:22Z</time></trkpt><trkpt lat="37.2434400" lon="-80.4700300"><time>2026-01-01T13:30:34Z</time></trkpt><trkpt lat="37.2435500" lon="-80.4700300"><time>2026-01-01T13:30:47Z</time></trkpt><trkpt lat="37.2435800" lon="-80.4700200"><time>2026-01-01T13:30:59Z</time></trkpt><trkpt lat="37.2436500" lon="-80.4699500"><time>2026-01-01T13:31:12Z</time></trkpt><trkpt lat="37.2436800" lon="-80.4699300"><time>2026-01-01T13:31:25Z</time></trkpt><trkpt lat="37.2437400" lon="-80.4698100"><time>2026-01-01T13:31:37Z</time></trkpt><trkpt lat="37.2437285" lon="-80.4697367"><time>2026-01-01T13:31:50Z</time></trkpt><trkpt lat="37.2435800" lon="-80.4696900"><time>2026-01-01T13:32:02Z</time></trkpt><trkpt lat="37.2434000" lon="-80.4697300"><time>2026-01-01T13:32:15Z</time></trkpt><trkpt lat="37.2432700" lon="-80.4697200"><time>2026-01-01T13:32:28Z</time></trkpt><trkpt lat="37.2430900" lon="-80.4694700"><time>2026-01-01T13:32:40Z</time></trkpt><trkpt lat="37.2430900" lon="-80.4693300"><time>2026-01-01T13:32:53Z</time></trkpt><trkpt lat="37.2433000" lon="-80.4691600"><time>2026-01-01T13:33:05Z</time></trkpt><trkpt lat="37.2433300" lon="-80.4691800"><time>2026-01-01T13:33:18Z</time></trkpt><trkpt lat="37.2434000" lon="-80.4691500"><time>2026-01-01T13:33:31Z</time></trkpt><trkpt lat="37.2434600" lon="-80.4692300"><time>2026-01-01T13:33:43Z</time></trkpt><trkpt lat="37.2434700" lon="-80.4692700"><time>2026-01-01T13:33:56Z</time></trkpt><trkpt lat="37.2436400" lon="-80.4693400"><time>2026-01-01T13:34:08Z</time></trkpt><trkpt lat="37.2436600" lon="-80.4693000"><time>2026-01-01T13:34:21Z</time></trkpt><trkpt lat="37.2437800" lon="-80.4693100"><time>2026-01-01T13:34:33Z</time></trkpt><trkpt lat="37.2438500" lon="-80.4693800"><time>2026-01-01T13:34:46Z</time></trkpt><trkpt lat="37.2439500" lon="-80.4694100"><time>2026-01-01T13:34:59Z</time></trkpt><trkpt lat="37.2440000" lon="-80.4693700"><time>2026-01-01T13:35:11Z</time></trkpt><trkpt lat="37.2440900" lon="-80.4693400"><time>2026-01-01T13:35:24Z</time></trkpt><trkpt lat="37.2441400" lon="-80.4692900"><time>2026-01-01T13:35:36Z</time></trkpt><trkpt lat="37.2442100" lon="-80.4692800"><time>2026-01-01T13:35:49Z</time></trkpt><trkpt lat="37.2442500" lon="-80.4693000"><time>2026-01-01T13:36:02Z</time></trkpt><trkpt lat="37.2443000" lon="-80.4693000"><time>2026-01-01T13:36:14Z</time></trkpt><trkpt lat="37.2443300" lon="-80.4692700"><time>2026-01-01T13:36:27Z</time></trkpt><trkpt lat="37.2443900" lon="-80.4692700"><time>2026-01-01T13:36:39Z</time></trkpt><trkpt lat="37.2444300" lon="-80.4693200"><time>2026-01-01T13:36:52Z</time></trkpt><trkpt lat="37.2445200" lon="-80.4693400"><time>2026-01-01T13:37:05Z</time></trkpt><trkpt lat="37.2446300" lon="-80.4694500"><time>2026-01-01T13:37:17Z</time></trkpt><trkpt lat="37.2447500" lon="-80.4694800"><time>2026-01-01T13:37:30Z</time></trkpt><trkpt lat="37.2447900" lon="-80.4695100"><time>2026-01-01T13:37:42Z</time></trkpt><trkpt lat="37.2448100" lon="-80.4695700"><time>2026-01-01T13:37:55Z</time></trkpt><trkpt lat="37.2448100" lon="-80.4695800"><time>2026-01-01T13:38:08Z</time></trkpt><trkpt lat="37.2448100" lon="-80.4697200"><time>2026-01-01T13:38:20Z</time></trkpt><trkpt lat="37.2448300" lon="-80.4698100"><time>2026-01-01T13:38:33Z</time></trkpt><trkpt lat="37.2448900" lon="-80.4699000"><time>2026-01-01T13:38:45Z</time></trkpt><trkpt lat="37.2449800" lon="-80.4699000"><time>2026-01-01T13:38:58Z</time></trkpt><trkpt lat="37.2450400" lon="-80.4699500"><time>2026-01-01T13:39:11Z</time></trkpt><trkpt lat="37.2452100" lon="-80.4700100"><time>2026-01-01T13:39:23Z</time></trkpt><trkpt lat="37.2452400" lon="-80.4700900"><time>2026-01-01T13:39:36Z</time></trkpt><trkpt lat="37.2451900" lon="-80.4701700"><time>2026-01-01T13:39:48Z</time></trkpt><trkpt lat="37.2451700" lon="-80.4704400"><time>2026-01-01T13:40:01Z</time></trkpt><trkpt lat="37.2451900" lon="-80.4704800"><time>2026-01-01T13:40:14Z</time></trkpt><trkpt lat="37.2452100" lon="-80.4707300"><time>2026-01-01T13:40:26Z</time></trkpt><trkpt lat="37.2452500" lon="-80.4707700"><time>2026-01-01T13:40:39Z</time></trkpt><trkpt lat="37.2453100" lon="-80.4706300"><time>2026-01-01T13:40:51Z</time></trkpt><trkpt lat="37.2453300" lon="-80.4706200"><time>2026-01-01T13:41:04Z</time></trkpt><trkpt lat="37.2453500" lon="-80.4706400"><time>2026-01-01T13:41:16Z</time></trkpt><trkpt lat="37.2453500" lon="-80.4707600"><time>2026-01-01T13:41:29Z</time></trkpt><trkpt lat="37.2453700" lon="-80.4707700"><time>2026-01-01T13:41:42Z</time></trkpt><trkpt lat="37.2454600" lon="-80.4707600"><time>2026-01-01T13:41:54Z</time></trkpt><trkpt lat="37.2455100" lon="-80.4707900"><time>2026-01-01T13:42:07Z</time></trkpt><trkpt lat="37.2456200" lon="-80.4709400"><time>2026-01-01T13:42:19Z</time></trkpt><trkpt lat="37.2456800" lon="-80.4708400"><time>2026-01-01T13:42:32Z</time></trkpt><trkpt lat="37.2457200" lon="-80.4706400"><time>2026-01-01T13:42:45Z</time></trkpt><trkpt lat="37.2457900" lon="-80.4704900"><time>2026-01-01T13:42:57Z</time></trkpt><trkpt lat="37.2458400" lon="-80.4704200"><time>2026-01-01T13:43:10Z</time></trkpt><trkpt lat="37.2459000" lon="-80.4704500"><time>2026-01-01T13:43:22Z</time></trkpt><trkpt lat="37.2459200" lon="-80.4705300"><time>2026-01-01T13:43:35Z</time></trkpt><trkpt lat="37.2460200" lon="-80.4705500"><time>2026-01-01T13:43:48Z</time></trkpt><trkpt lat="37.2461000" lon="-80.4705900"><time>2026-01-01T13:44:00Z</time></trkpt><trkpt lat="37.2461300" lon="-80.4706600"><time>2026-01-01T13:44:13Z</time></trkpt><trkpt lat="37.2461000" lon="-80.4708800"><time>2026-01-01T13:44:25Z</time></trkpt><trkpt lat="37.2461100" lon="-80.4709300"><time>2026-01-01T13:44:38Z</time></trkpt><trkpt lat="37.2461300" lon="-80.4709800"><time>2026-01-01T13:44:51Z</time></trkpt><trkpt lat="37.2462500" lon="-80.4711200"><time>2026-01-01T13:45:03Z</time></trkpt><trkpt lat="37.2462600" lon="-80.4712800"><time>2026-01-01T13:45:16Z</time></trkpt><trkpt lat="37.2462900" lon="-80.4714300"><time>2026-01-01T13:45:28Z</time></trkpt><trkpt lat="37.2463800" lon="-80.4715400"><time>2026-01-01T13:45:41Z</time></trkpt><trkpt lat="37.2464800" lon="-80.4715400"><time>2026-01-01T13:45:54Z</time></trkpt><trkpt lat="37.2464900" lon="-80.4714200"><time>2026-01-01T13:46:06Z</time></trkpt><trkpt lat="37.2465400" lon="-80.4713300"><time>2026-01-01T13:46:19Z</time></trkpt><trkpt lat="37.2466200" lon="-80.4712900"><time>2026-01-01T13:46:31Z</time></trkpt><trkpt lat="37.2466600" lon="-80.4712500"><time>2026-01-01T13:46:44Z</time></trkpt><trkpt lat="37.2467300" lon="-80.4712900"><time>2026-01-01T13:46:56Z</time></trkpt><trkpt lat="37.2467600" lon="-80.4714300"><time>2026-01-01T13:47:09Z</time></trkpt><trkpt lat="37.2468600" lon="-80.4714700"><time>2026-01-01T13:47:22Z</time></trkpt><trkpt lat="37.2469600" lon="-80.4714400"><time>2026-01-01T13:47:34Z</time></trkpt><trkpt lat="37.2470000" lon="-80.4714000"><time>2026-01-01T13:47:47Z</time></trkpt><trkpt lat="37.2470700" lon="-80.4713700"><time>2026-01-01T13:47:59Z</time></trkpt><trkpt lat="37.2471300" lon="-80.4713900"><time>2026-01-01T13:48:12Z</time></trkpt><trkpt lat="37.2471500" lon="-80.4713400"><time>2026-01-01T13:48:25Z</time></trkpt><trkpt lat="37.2472100" lon="-80.4713400"><time>2026-01-01T13:48:37Z</time></trkpt><trkpt lat="37.2472700" lon="-80.4712800"><time>2026-01-01T13:48:50Z</time></trkpt><trkpt lat="37.2473900" lon="-80.4713100"><time>2026-01-01T13:49:02Z</time></trkpt><trkpt lat="37.2478900" lon="-80.4712900"><time>2026-01-01T13:49:15Z</time></trkpt><trkpt lat="37.2479600" lon="-80.4713700"><time>2026-01-01T13:49:28Z</time></trkpt><trkpt lat="37.2480600" lon="-80.4714400"><time>2026-01-01T13:49:40Z</time></trkpt><trkpt lat="37.2481800" lon="-80.4714400"><time>2026-01-01T13:49:53Z</time></trkpt><trkpt lat="37.2482600" lon="-80.4714600"><time>2026-01-01T13:50:05Z</time></trkpt><trkpt lat="37.2483200" lon="-80.4714300"><time>2026-01-01T13:50:18Z</time></trkpt><trkpt lat="37.2484400" lon="-80.4713100"><time>2026-01-01T13:50:31Z</time></trkpt><trkpt lat="37.2485700" lon="-80.4713100"><time>2026-01-01T13:50:43Z</time></trkpt><trkpt lat="37.2487300" lon="-80.4712600"><time>2026-01-01T13:50:56Z</time></trkpt><trkpt lat="37.2489000" lon="-80.4712400"><time>2026-01-01T13:51:08Z</time></trkpt><trkpt lat="37.2491200" lon="-80.4709300"><time>2026-01-01T13:51:21Z</time></trkpt><trkpt lat="37.2491800" lon="-80.4707600"><time>2026-01-01T13:51:34Z</time></trkpt><trkpt lat="37.2492600" lon="-80.4706700"><time>2026-01-01T13:51:46Z</time></trkpt><trkpt lat="37.2492800" lon="-80.4705500"><time>2026-01-01T13:51:59Z</time></trkpt><trkpt lat="37.2493300" lon="-80.4704300"><time>2026-01-01T13:52:11Z</time></trkpt><trkpt lat="37.2494000" lon="-80.4703300"><time>2026-01-01T13:52:24Z</time></trkpt><trkpt lat="37.2494900" lon="-80.4699400"><time>2026-01-01T13:52:37Z</time></trkpt><trkpt lat="37.2494900" lon="-80.4698200"><time>2026-01-01T13:52:49Z</time></trkpt><trkpt lat="37.2494200" lon="-80.4697300"><time>2026-01-01T13:53:02Z</time></trkpt><trkpt lat="37.2495300" lon="-80.4696700"><time>2026-01-01T13:53:14Z</time></trkpt><trkpt lat="37.2495600" lon="-80.4695700"><time>2026-01-01T13:53:27Z</time></trkpt><trkpt lat="37.2495500" lon="-80.4695200"><time>2026-01-01T13:53:39Z</time></trkpt><trkpt lat="37.2495100" lon="-80.4694800"><time>2026-01-01T13:53:52Z</time></trkpt><trkpt lat="37.2496000" lon="-80.4692800"><time>2026-01-01T13:54:05Z</time></trkpt><trkpt lat="37.2496900" lon="-80.4692400"><time>2026-01-01T13:54:17Z</time></trkpt><trkpt lat="37.2499226" lon="-80.4689981"><time>2026-01-01T13:54:30Z</time></trkpt><trkpt lat="37.2501400" lon="-80.4689600"><time>2026-01-01T13:54:42Z</time></trkpt><trkpt lat="37.2503800" lon="-80.4689300"><time>2026-01-01T13:54:55Z</time></trkpt><trkpt lat="37.2505400" lon="-80.4689400"><time>2026-01-01T13:55:08Z</time></trkpt><trkpt lat="37.2506900" lon="-80.4690300"><time>2026-01-01T13:55:20Z</time></trkpt><trkpt lat="37.2508400" lon="-80.4692100"><time>2026-01-01T13:55:33Z</time></trkpt><trkpt lat="37.2508700" lon="-80.4691600"><time>2026-01-01T13:55:45Z</time></trkpt><trkpt lat="37.2508800" lon="-80.4691700"><time>2026-01-01T13:55:58Z</time></trkpt><trkpt lat="37.2508600" lon="-80.4691700"><time>2026-01-01T13:56:11Z</time></trkpt><trkpt lat="37.2508600" lon="-80.4691800"><time>2026-01-01T13:56:23Z</time></trkpt><trkpt lat="37.2508600" lon="-80.4691900"><time>2026-01-01T13:56:36Z</time></trkpt><trkpt lat="37.2508600" lon="-80.4692000"><time>2026-01-01T13:56:48Z</time></trkpt><trkpt lat="37.2509000" lon="-80.4692600"><time>2026-01-01T13:57:01Z</time></trkpt><trkpt lat="37.2509400" lon="-80.4693600"><time>2026-01-01T13:57:14Z</time></trkpt><trkpt lat="37.2510200" lon="-80.4694500"><time>2026-01-01T13:57:26Z</time></trkpt><trkpt lat="37.2510200" lon="-80.4694700"><time>2026-01-01T13:57:39Z</time></trkpt><trkpt lat="37.2511300" lon="-80.4696900"><time>2026-01-01T13:57:51Z</time></trkpt><trkpt lat="37.2511500" lon="-80.4697100"><time>2026-01-01T13:58:04Z</time></trkpt><trkpt lat="37.2511500" lon="-80.4697300"><time>2026-01-01T13:58:17Z</time></trkpt><trkpt lat="37.2511800" lon="-80.4697600"><time>2026-01-01T13:58:29Z</time></trkpt><trkpt lat="37.2512000" lon="-80.4698200"><time>2026-01-01T13:58:42Z</time></trkpt><trkpt lat="37.2512300" lon="-80.4698500"><time>2026-01-01T13:58:54Z</time></trkpt><trkpt lat="37.2512600" lon="-80.4699100"><time>2026-01-01T13:59:07Z</time></trkpt><trkpt lat="37.2512900" lon="-80.4699500"><time>2026-01-01T13:59:20Z</time></trkpt><trkpt lat="37.2512900" lon="-80.4699700"><time>2026-01-01T13:59:32Z</time></trkpt><trkpt lat="37.2513200" lon="-80.4700200"><time>2026-01-01T13:59:45Z</time></trkpt><trkpt lat="37.2513200" lon="-80.4700400"><time>2026-01-01T13:59:57Z</time></trkpt><trkpt lat="37.2513300" lon="-80.4700500"><time>2026-01-01T14:00:10Z</time></trkpt><trkpt lat="37.2513400" lon="-80.4700900"><time>2026-01-01T14:00:22Z</time></trkpt><trkpt lat="37.2513600" lon="-80.4701200"><time>2026-01-01T14:00:35Z</time></trkpt><trkpt lat="37.2513600" lon="-80.4701500"><time>2026-01-01T14:00:48Z</time></trkpt><trkpt lat="37.2513800" lon="-80.4702200"><time>2026-01-01T14:01:00Z</time></trkpt><trkpt lat="37.2513800" lon="-80.4702500"><time>2026-01-01T14:01:13Z</time></trkpt><trkpt lat="37.2513900" lon="-80.4702600"><time>2026-01-01T14:01:25Z</time></trkpt><trkpt lat="37.2514000" lon="-80.4703200"><time>2026-01-01T14:01:38Z</time></trkpt><trkpt lat="37.2514100" lon="-80.4703300"><time>2026-01-01T14:01:51Z</time></trkpt><trkpt lat="37.2514200" lon="-80.4703700"><time>2026-01-01T14:02:03Z</time></trkpt><trkpt lat="37.2514600" lon="-80.4704500"><time>2026-01-01T14:02:16Z</time></trkpt><trkpt lat="37.2514900" lon="-80.4704800"><time>2026-01-01T14:02:28Z</time></trkpt><trkpt lat="37.2515200" lon="-80.4705300"><time>2026-01-01T14:02:41Z</time></trkpt><trkpt lat="37.2515200" lon="-80.4705500"><time>2026-01-01T14:02:54Z</time></trkpt><trkpt lat="37.2515600" lon="-80.4706400"><time>2026-01-01T14:03:06Z</time></trkpt><trkpt lat="37.2515600" lon="-80.4706700"><time>2026-01-01T14:03:19Z</time></trkpt><trkpt lat="37.2515700" lon="-80.4706800"><time>2026-01-01T14:03:31Z</time></trkpt><trkpt lat="37.2515600" lon="-80.4706900"><time>2026-01-01T14:03:44Z</time></trkpt><trkpt lat="37.2515600" lon="-80.4707700"><time>2026-01-01T14:03:57Z</time></trkpt><trkpt lat="37.2515500" lon="-80.4707900"><time>2026-01-01T14:04:09Z</time></trkpt><trkpt lat="37.2515500" lon="-80.4708300"><time>2026-01-01T14:04:22Z</time></trkpt><trkpt lat="37.2515400" lon="-80.4708500"><time>2026-01-01T14:04:34Z</time></trkpt><trkpt lat="37.2515400" lon="-80.4708700"><time>2026-01-01T14:04:47Z</time></trkpt><trkpt lat="37.2515300" lon="-80.4708800"><time>2026-01-01T14:05:00Z</time></trkpt><trkpt lat="37.2515200" lon="-80.4709500"><time>2026-01-01T14:05:12Z</time></trkpt><trkpt lat="37.2515100" lon="-80.4709600"><time>2026-01-01T14:05:25Z</time></trkpt><trkpt lat="37.2515100" lon="-80.4710100"><time>2026-01-01T14:05:37Z</time></trkpt><trkpt lat="37.2514800" lon="-80.4710500"><time>2026-01-01T14:05:50Z</time></trkpt><trkpt lat="37.2514800" lon="-80.4710900"><time>2026-01-01T14:06:02Z</time></trkpt><trkpt lat="37.2515200" lon="-80.4711400"><time>2026-01-01T14:06:15Z</time></trkpt><trkpt lat="37.2515900" lon="-80.4711100"><time>2026-01-01T14:06:28Z</time></trkpt><trkpt lat="37.2516800" lon="-80.4711100"><time>2026-01-01T14:06:40Z</time></trkpt><trkpt lat="37.2517200" lon="-80.4711000"><time>2026-01-01T14:06:53Z</time></trkpt><trkpt lat="37.2517600" lon="-80.4711300"><time>2026-01-01T14:07:05Z</time></trkpt><trkpt lat="37.2517800" lon="-80.4711700"><time>2026-01-01T14:07:18Z</time></trkpt><trkpt lat="37.2517700" lon="-80.4711900"><time>2026-01-01T14:07:31Z</time></trkpt><trkpt lat="37.2517700" lon="-80.4712100"><time>2026-01-01T14:07:43Z</time></trkpt><trkpt lat="37.2517500" lon="-80.4712400"><time>2026-01-01T14:07:56Z</time></trkpt><trkpt lat="37.2517500" lon="-80.4712300"><time>2026-01-01T14:08:08Z</time></trkpt><trkpt lat="37.2517200" lon="-80.4712600"><time>2026-01-01T14:08:21Z</time></trkpt><trkpt lat="37.2516800" lon="-80.4713100"><time>2026-01-01T14:08:34Z</time></trkpt><trkpt lat="37.2516700" lon="-80.4713400"><time>2026-01-01T14:08:46Z</time></trkpt><trkpt lat="37.2516600" lon="-80.4713400"><time>2026-01-01T14:08:59Z</time></trkpt><trkpt lat="37.2516200" lon="-80.4713800"><time>2026-01-01T14:09:11Z</time></trkpt><trkpt lat="37.2516000" lon="-80.4714200"><time>2026-01-01T14:09:24Z</time></trkpt><trkpt lat="37.2515600" lon="-80.4714500"><time>2026-01-01T14:09:37Z</time></trkpt><trkpt lat="37.2515600" lon="-80.4714700"><time>2026-01-01T14:09:49Z</time></trkpt><trkpt lat="37.2515500" lon="-80.4714900"><time>2026-01-01T14:10:02Z</time></trkpt><trkpt lat="37.2515500" lon="-80.4715100"><time>2026-01-01T14:10:14Z</time></trkpt><trkpt lat="37.2515400" lon="-80.4715200"><time>2026-01-01T14:10:27Z</time></trkpt><trkpt lat="37.2515400" lon="-80.4715500"><time>2026-01-01T14:10:40Z</time></trkpt><trkpt lat="37.2515200" lon="-80.4716100"><time>2026-01-01T14:10:52Z</time></trkpt><trkpt lat="37.2515200" lon="-80.4716400"><time>2026-01-01T14:11:05Z</time></trkpt><trkpt lat="37.2515100" lon="-80.4716500"><time>2026-01-01T14:11:17Z</time></trkpt><trkpt lat="37.2515100" lon="-80.4716800"><time>2026-01-01T14:11:30Z</time></trkpt><trkpt lat="37.2514800" lon="-80.4717300"><time>2026-01-01T14:11:43Z</time></trkpt><trkpt lat="37.2514700" lon="-80.4717800"><time>2026-01-01T14:11:55Z</time></trkpt><trkpt lat="37.2514600" lon="-80.4717900"><time>2026-01-01T14:12:08Z</time></trkpt><trkpt lat="37.2514600" lon="-80.4718100"><time>2026-01-01T14:12:20Z</time></trkpt><trkpt lat="37.2514870" lon="-80.4718711"><time>2026-01-01T14:12:33Z</time></trkpt><trkpt lat="37.2514200" lon="-80.4720900"><time>2026-01-01T14:12:45Z</time></trkpt><trkpt lat="37.2513700" lon="-80.4724900"><time>2026-01-01T14:12:58Z</time></trkpt><trkpt lat="37.2513700" lon="-80.4728700"><time>2026-01-01T14:13:11Z</time></trkpt><trkpt lat="37.2513200" lon="-80.4736200"><time>2026-01-01T14:13:23Z</time></trkpt><trkpt lat="37.2514500" lon="-80.4736000"><time>2026-01-01T14:13:36Z</time></trkpt><trkpt lat="37.2515700" lon="-80.4732400"><time>2026-01-01T14:13:48Z</time></trkpt><trkpt lat="37.2517200" lon="-80.4730500"><time>2026-01-01T14:14:01Z</time></trkpt><trkpt lat="37.2517700" lon="-80.4729200"><time>2026-01-01T14:14:14Z</time></trkpt><trkpt lat="37.2520900" lon="-80.4726500"><time>2026-01-01T14:14:26Z</time></trkpt><trkpt lat="37.2524200" lon="-80.4727300"><time>2026-01-01T14:14:39Z</time></trkpt><trkpt lat="37.2525100" lon="-80.4728700"><time>2026-01-01T14:14:51Z</time></trkpt><trkpt lat="37.2524800" lon="-80.4731800"><time>2026-01-01T14:15:04Z</time></trkpt><trkpt lat="37.2525700" lon="-80.4735100"><time>2026-01-01T14:15:17Z</time></trkpt><trkpt lat="37.2527600" lon="-80.4737400"><time>2026-01-01T14:15:29Z</time></trkpt><trkpt lat="37.2528900" lon="-80.4738100"><time>2026-01-01T14:15:42Z</time></trkpt><trkpt lat="37.2531300" lon="-80.4729500"><time>2026-01-01T14:15:54Z</time></trkpt><trkpt lat="37.2532900" lon="-80.4728000"><time>2026-01-01T14:16:07Z</time></trkpt><trkpt lat="37.2530100" lon="-80.4727700"><time>2026-01-01T14:16:20Z</time></trkpt><trkpt lat="37.2528700" lon="-80.4726800"><time>2026-01-01T14:16:32Z</time></trkpt><trkpt lat="37.2526700" lon="-80.4723800"><time>2026-01-01T14:16:45Z</time></trkpt><trkpt lat="37.2522700" lon="-80.4720400"><time>2026-01-01T14:16:57Z</time></trkpt><trkpt lat="37.2524903" lon="-80.4718676"><time>2026-01-01T14:17:10Z</time></trkpt><trkpt lat="37.2524600" lon="-80.4718600"><time>2026-01-01T14:17:23Z</time></trkpt><trkpt lat="37.2519600" lon="-80.4717300"><time>2026-01-01T14:17:35Z</time></trkpt><trkpt lat="37.2514870" lon="-80.4718711"><time>2026-01-01T14:17:48Z</time></trkpt><trkpt lat="37.2519600" lon="-80.4717300"><time>2026-01-01T14:18:00Z</time></trkpt><trkpt lat="37.2524600" lon="-80.4718600"><time>2026-01-01T14:18:13Z</time></trkpt><trkpt lat="37.2524903" lon="-80.4718676"><time>2026-01-01T14:18:26Z</time></trkpt><trkpt lat="37.2529700" lon="-80.4720900"><time>2026-01-01T14:18:38Z</time></trkpt><trkpt lat="37.2535400" lon="-80.4719100"><time>2026-01-01T14:18:51Z</time></trkpt><trkpt lat="37.2543000" lon="-80.4709700"><time>2026-01-01T14:19:03Z</time></trkpt><trkpt lat="37.2553900" lon="-80.4707100"><time>2026-01-01T14:19:16Z</time></trkpt><trkpt lat="37.2555600" lon="-80.4701200"><time>2026-01-01T14:19:28Z</time></trkpt><trkpt lat="37.2556200" lon="-80.4698200"><time>2026-01-01T14:19:41Z</time></trkpt><trkpt lat="37.2555801" lon="-80.4694184"><time>2026-01-01T14:19:54Z</time></trkpt><trkpt lat="37.2555800" lon="-80.4694000"><time>2026-01-01T14:20:06Z</time></trkpt><trkpt lat="37.2549800" lon="-80.4685700"><time>2026-01-01T14:20:19Z</time></trkpt><trkpt lat="37.2549500" lon="-80.4684100"><time>2026-01-01T14:20:31Z</time></trkpt><trkpt lat="37.2549700" lon="-80.4680300"><time>2026-01-01T14:20:44Z</time></trkpt><trkpt lat="37.2549300" lon="-80.4677000"><time>2026-01-01T14:20:57Z</time></trkpt><trkpt lat="37.2546300" lon="-80.4674000"><time>2026-01-01T14:21:09Z</time></trkpt><trkpt lat="37.2543800" lon="-80.4673500"><time>2026-01-01T14:21:22Z</time></trkpt><trkpt lat="37.2541000" lon="-80.4675600"><time>2026-01-01T14:21:34Z</time></trkpt><trkpt lat="37.2535100" lon="-80.4678300"><time>2026-01-01T14:21:47Z</time></trkpt><trkpt lat="37.2532700" lon="-80.4677500"><time>2026-01-01T14:22:00Z</time></trkpt><trkpt lat="37.2527300" lon="-80.4672500"><time>2026-01-01T14:22:12Z</time></trkpt><trkpt lat="37.2525400" lon="-80.4667900"><time>2026-01-01T14:22:25Z</time></trkpt><trkpt lat="37.2522700" lon="-80.4662900"><time>2026-01-01T14:22:37Z</time></trkpt><trkpt lat="37.2522300" lon="-80.4660400"><time>2026-01-01T14:22:50Z</time></trkpt><trkpt lat="37.2522700" lon="-80.4655600"><time>2026-01-01T14:23:03Z</time></trkpt><trkpt lat="37.2525200" lon="-80.4646300"><time>2026-01-01T14:23:15Z</time></trkpt><trkpt lat="37.2521400" lon="-80.4643500"><time>2026-01-01T14:23:28Z</time></trkpt><trkpt lat="37.2518700" lon="-80.4643600"><time>2026-01-01T14:23:40Z</time></trkpt><trkpt lat="37.2517700" lon="-80.4641600"><time>2026-01-01T14:23:53Z</time></trkpt><trkpt lat="37.2514700" lon="-80.4641400"><time>2026-01-01T14:24:06Z</time></trkpt><trkpt lat="37.2512500" lon="-80.4640400"><time>2026-01-01T14:24:18Z</time></trkpt><trkpt lat="37.2510300" lon="-80.4638500"><time>2026-01-01T14:24:31Z</time></trkpt><trkpt lat="37.2510600" lon="-80.4636400"><time>2026-01-01T14:24:43Z</time></trkpt><trkpt lat="37.2510100" lon="-80.4636000"><time>2026-01-01T14:24:56Z</time></trkpt><trkpt lat="37.2506700" lon="-80.4637300"><time>2026-01-01T14:25:09Z</time></trkpt><trkpt lat="37.2506456" lon="-80.4636282"><time>2026-01-01T14:25:21Z</time></trkpt><trkpt lat="37.2506300" lon="-80.4635400"><time>2026-01-01T14:25:34Z</time></trkpt><trkpt lat="37.2507800" lon="-80.4633700"><time>2026-01-01T14:25:46Z</time></trkpt><trkpt lat="37.2507700" lon="-80.4631800"><time>2026-01-01T14:25:59Z</time></trkpt><trkpt lat="37.2508000" lon="-80.4629100"><time>2026-01-01T14:26:11Z</time></trkpt><trkpt lat="37.2511200" lon="-80.4626700"><time>2026-01-01T14:26:24Z</time></trkpt><trkpt lat="37.2511367" lon="-80.4626162"><time>2026-01-01T14:26:37Z</time></trkpt><trkpt lat="37.2511800" lon="-80.4626100"><time>2026-01-01T14:26:49Z</time></trkpt><trkpt lat="37.2512000" lon="-80.4625600"><time>2026-01-01T14:27:02Z</time></trkpt><trkpt lat="37.2512000" lon="-80.4624700"><time>2026-01-01T14:27:14Z</time></trkpt><trkpt lat="37.2512400" lon="-80.4624000"><time>2026-01-01T14:27:27Z</time></trkpt><trkpt lat="37.2512500" lon="-80.4623600"><time>2026-01-01T14:27:40Z</time></trkpt><trkpt lat="37.2512700" lon="-80.4623200"><time>2026-01-01T14:27:52Z</time></trkpt><trkpt lat="37.2513000" lon="-80.4622900"><time>2026-01-01T14:28:05Z</time></trkpt><trkpt lat="37.2514000" lon="-80.4622500"><time>2026-01-01T14:28:17Z</time></trkpt><trkpt lat="37.2515400" lon="-80.4622400"><time>2026-01-01T14:28:30Z</time></trkpt><trkpt lat="37.2517100" lon="-80.4623300"><time>2026-01-01T14:28:43Z</time></trkpt><trkpt lat="37.2518600" lon="-80.4624800"><time>2026-01-01T14:28:55Z</time></trkpt><trkpt lat="37.2520000" lon="-80.4625800"><time>2026-01-01T14:29:08Z</time></trkpt><trkpt lat="37.2521400" lon="-80.4627400"><time>2026-01-01T14:29:20Z</time></trkpt><trkpt lat="37.2522300" lon="-80.4628600"><time>2026-01-01T14:29:33Z</time></trkpt><trkpt lat="37.2523500" lon="-80.4629700"><time>2026-01-01T14:29:46Z</time></trkpt><trkpt lat="37.2524000" lon="-80.4630400"><time>2026-01-01T14:29:58Z</time></trkpt><trkpt lat="37.2524100" lon="-80.4630300"><time>2026-01-01T14:30:11Z</time></trkpt><trkpt lat="37.2524100" lon="-80.4629600"><time>2026-01-01T14:30:23Z</time></trkpt><trkpt lat="37.2523900" lon="-80.4628900"><time>2026-01-01T14:30:36Z</time></trkpt><trkpt lat="37.2523600" lon="-80.4628400"><time>2026-01-01T14:30:49Z</time></trkpt><trkpt lat="37.2523400" lon="-80.4627800"><time>2026-01-01T14:31:01Z</time></trkpt><trkpt lat="37.2523400" lon="-80.4627500"><time>2026-01-01T14:31:14Z</time></trkpt><trkpt lat="37.2522800" lon="-80.4626500"><time>2026-01-01T14:31:26Z</time></trkpt><trkpt lat="37.2522500" lon="-80.4625600"><time>2026-01-01T14:31:39Z</time></trkpt><trkpt lat="37.2522200" lon="-80.4625000"><time>2026-01-01T14:31:51Z</time></trkpt><trkpt lat="37.2522000" lon="-80.4624800"><time>2026-01-01T14:32:04Z</time></trkpt><trkpt lat="37.2521500" lon="-80.4623300"><time>2026-01-01T14:32:17Z</time></trkpt><trkpt lat="37.2521200" lon="-80.4622800"><time>2026-01-01T14:32:29Z</time></trkpt><trkpt lat="37.2521200" lon="-80.4622500"><time>2026-01-01T14:32:42Z</time></trkpt><trkpt lat="37.2521000" lon="-80.4621900"><time>2026-01-01T14:32:54Z</time></trkpt><trkpt lat="37.2520700" lon="-80.4621500"><time>2026-01-01T14:33:07Z</time></trkpt><trkpt lat="37.2520400" lon="-80.4620900"><time>2026-01-01T14:33:20Z</time></trkpt><trkpt lat="37.2519900" lon="-80.4619300"><time>2026-01-01T14:33:32Z</time></trkpt><trkpt lat="37.2519700" lon="-80.4619100"><time>2026-01-01T14:33:45Z</time></trkpt><trkpt lat="37.2519400" lon="-80.4618500"><time>2026-01-01T14:33:57Z</time></trkpt><trkpt lat="37.2519200" lon="-80.4618300"><time>2026-01-01T14:34:10Z</time></trkpt><trkpt lat="37.2519100" lon="-80.4618000"><time>2026-01-01T14:34:23Z</time></trkpt><trkpt lat="37.2518900" lon="-80.4617800"><time>2026-01-01T14:34:35Z</time></trkpt><trkpt lat="37.2518400" lon="-80.4616600"><time>2026-01-01T14:34:48Z</time></trkpt><trkpt lat="37.2518000" lon="-80.4615200"><time>2026-01-01T14:35:00Z</time></trkpt><trkpt lat="37.2518000" lon="-80.4614600"><time>2026-01-01T14:35:13Z</time></trkpt><trkpt lat="37.2517800" lon="-80.4614000"><time>2026-01-01T14:35:26Z</time></trkpt><trkpt lat="37.2517400" lon="-80.4613700"><time>2026-01-01T14:35:38Z</time></trkpt><trkpt lat="37.2517100" lon="-80.4613700"><time>2026-01-01T14:35:51Z</time></trkpt><trkpt lat="37.2516300" lon="-80.4613300"><time>2026-01-01T14:36:03Z</time></trkpt><trkpt lat="37.2516200" lon="-80.4613100"><time>2026-01-01T14:36:16Z</time></trkpt><trkpt lat="37.2515800" lon="-80.4612700"><time>2026-01-01T14:36:29Z</time></trkpt><trkpt lat="37.2515000" lon="-80.4610500"><time>2026-01-01T14:36:41Z</time></trkpt><trkpt lat="37.2515000" lon="-80.4610200"><time>2026-01-01T14:36:54Z</time></trkpt><trkpt lat="37.2514900" lon="-80.4609900"><time>2026-01-01T14:37:06Z</time></trkpt><trkpt lat="37.2514900" lon="-80.4609300"><time>2026-01-01T14:37:19Z</time></trkpt><trkpt lat="37.2515200" lon="-80.4608800"><time>2026-01-01T14:37:32Z</time></trkpt><trkpt lat="37.2515100" lon="-80.4608500"><time>2026-01-01T14:37:44Z</time></trkpt><trkpt lat="37.2514900" lon="-80.4608300"><time>2026-01-01T14:37:57Z</time></trkpt><trkpt lat="37.2514700" lon="-80.4608300"><time>2026-01-01T14:38:09Z</time></trkpt><trkpt lat="37.2514300" lon="-80.4608800"><time>2026-01-01T14:38:22Z</time></trkpt><trkpt lat="37.2514100" lon="-80.4609200"><time>2026-01-01T14:38:34Z</time></trkpt><trkpt lat="37.2514000" lon="-80.4609700"><time>2026-01-01T14:38:47Z</time></trkpt><trkpt lat="37.2513800" lon="-80.4610000"><time>2026-01-01T14:39:00Z</time></trkpt><trkpt lat="37.2513800" lon="-80.4611500"><time>2026-01-01T14:39:12Z</time></trkpt><trkpt lat="37.2514300" lon="-80.4612700"><time>2026-01-01T14:39:25Z</time></trkpt><trkpt lat="37.2514600" lon="-80.4613300"><time>2026-01-01T14:39:37Z</time></trkpt><trkpt lat="37.2514800" lon="-80.4613500"><time>2026-01-01T14:39:50Z</time></trkpt><trkpt lat="37.2514700" lon="-80.4613800"><time>2026-01-01T14:40:03Z</time></trkpt><trkpt lat="37.2514400" lon="-80.4613700"><time>2026-01-01T14:40:15Z</time></trkpt><trkpt lat="37.2513900" lon="-80.4612800"><time>2026-01-01T14:40:28Z</time></trkpt><trkpt lat="37.2513700" lon="-80.4612600"><time>2026-01-01T14:40:40Z</time></trkpt><trkpt lat="37.2513300" lon="-80.4611600"><time>2026-01-01T14:40:53Z</time></trkpt><trkpt lat="37.2512800" lon="-80.4611000"><time>2026-01-01T14:41:06Z</time></trkpt><trkpt lat="37.2512500" lon="-80.4610500"><time>2026-01-01T14:41:18Z</time></trkpt><trkpt lat="37.2512100" lon="-80.4609300"><time>2026-01-01T14:41:31Z</time></trkpt><trkpt lat="37.2512100" lon="-80.4608800"><time>2026-01-01T14:41:43Z</time></trkpt><trkpt lat="37.2511900" lon="-80.4608300"><time>2026-01-01T14:41:56Z</time></trkpt><trkpt lat="37.2511500" lon="-80.4608000"><time>2026-01-01T14:42:09Z</time></trkpt><trkpt lat="37.2510600" lon="-80.4608200"><time>2026-01-01T14:42:21Z</time></trkpt><trkpt lat="37.2509800" lon="-80.4608200"><time>2026-01-01T14:42:34Z</time></trkpt><trkpt lat="37.2508800" lon="-80.4607700"><time>2026-01-01T14:42:46Z</time></trkpt><trkpt lat="37.2507600" lon="-80.4607400"><time>2026-01-01T14:42:59Z</time></trkpt><trkpt lat="37.2506800" lon="-80.4606800"><time>2026-01-01T14:43:12Z</time></trkpt><trkpt lat="37.2506000" lon="-80.4606700"><time>2026-01-01T14:43:24Z</time></trkpt><trkpt lat="37.2505800" lon="-80.4606600"><time>2026-01-01T14:43:37Z</time></trkpt><trkpt lat="37.2505300" lon="-80.4605900"><time>2026-01-01T14:43:49Z</time></trkpt><trkpt lat="37.2505200" lon="-80.4605500"><time>2026-01-01T14:44:02Z</time></trkpt><trkpt lat="37.2505300" lon="-80.4605200"><time>2026-01-01T14:44:15Z</time></trkpt><trkpt lat="37.2505300" lon="-80.4604800"><time>2026-01-01T14:44:27Z</time></trkpt><trkpt lat="37.2505000" lon="-80.4604200"><time>2026-01-01T14:44:40Z</time></trkpt><trkpt lat="37.2504600" lon="-80.4604100"><time>2026-01-01T14:44:52Z</time></trkpt><trkpt lat="37.2504400" lon="-80.4604200"><time>2026-01-01T14:45:05Z</time></trkpt><trkpt lat="37.2503500" lon="-80.4604200"><time>2026-01-01T14:45:17Z</time></trkpt><trkpt lat="37.2502300" lon="-80.4604500"><time>2026-01-01T14:45:30Z</time></trkpt><trkpt lat="37.2501400" lon="-80.4604400"><time>2026-01-01T14:45:43Z</time></trkpt><trkpt lat="37.2500800" lon="-80.4604600"><time>2026-01-01T14:45:55Z</time></trkpt><trkpt lat="37.2500100" lon="-80.4604600"><time>2026-01-01T14:46:08Z</time></trkpt><trkpt lat="37.2499200" lon="-80.4604400"><time>2026-01-01T14:46:20Z</time></trkpt><trkpt lat="37.2498600" lon="-80.4604000"><time>2026-01-01T14:46:33Z</time></trkpt><trkpt lat="37.2498500" lon="-80.4603800"><time>2026-01-01T14:46:46Z</time></trkpt><trkpt lat="37.2498100" lon="-80.4603400"><time>2026-01-01T14:46:58Z</time></trkpt><trkpt lat="37.2497700" lon="-80.4603200"><time>2026-01-01T14:47:11Z</time></trkpt><trkpt lat="37.2497200" lon="-80.4603100"><time>2026-01-01T14:47:23Z</time></trkpt><trkpt lat="37.2495600" lon="-80.4602300"><time>2026-01-01T14:47:36Z</time></trkpt><trkpt lat="37.2494600" lon="-80.4601200"><time>2026-01-01T14:47:49Z</time></trkpt><trkpt lat="37.2494500" lon="-80.4600900"><time>2026-01-01T14:48:01Z</time></trkpt><trkpt lat="37.2494500" lon="-80.4600300"><time>2026-01-01T14:48:14Z</time></trkpt><trkpt lat="37.2494100" lon="-80.4599700"><time>2026-01-01T14:48:26Z</time></trkpt><trkpt lat="37.2493500" lon="-80.4599100"><time>2026-01-01T14:48:39Z</time></trkpt><trkpt lat="37.2493000" lon="-80.4598900"><time>2026-01-01T14:48:52Z</time></trkpt><trkpt lat="37.2492700" lon="-80.4598900"><time>2026-01-01T14:49:04Z</time></trkpt><trkpt lat="37.2492200" lon="-80.4599000"><time>2026-01-01T14:49:17Z</time></trkpt><trkpt lat="37.2491800" lon="-80.4599300"><time>2026-01-01T14:49:29Z</time></trkpt><trkpt lat="37.2490900" lon="-80.4599600"><time>2026-01-01T14:49:42Z</time></trkpt><trkpt lat="37.2490600" lon="-80.4599600"><time>2026-01-01T14:49:55Z</time></trkpt><trkpt lat="37.2490300" lon="-80.4599500"><time>2026-01-01T14:50:07Z</time></trkpt><trkpt lat="37.2489900" lon="-80.4599200"><time>2026-01-01T14:50:20Z</time></trkpt><trkpt lat="37.2489600" lon="-80.4599200"><time>2026-01-01T14:50:32Z</time></trkpt><trkpt lat="37.2488900" lon="-80.4598900"><time>2026-01-01T14:50:45Z</time></trkpt><trkpt lat="37.2487600" lon="-80.4598900"><time>2026-01-01T14:50:57Z</time></trkpt><trkpt lat="37.2486900" lon="-80.4598400"><time>2026-01-01T14:51:10Z</time></trkpt><trkpt lat="37.2486100" lon="-80.4598200"><time>2026-01-01T14:51:23Z</time></trkpt><trkpt lat="37.2485800" lon="-80.4598000"><time>2026-01-01T14:51:35Z</time></trkpt><trkpt lat="37.2485200" lon="-80.4597800"><time>2026-01-01T14:51:48Z</time></trkpt><trkpt lat="37.2484800" lon="-80.4597200"><time>2026-01-01T14:52:00Z</time></trkpt><trkpt lat="37.2484800" lon="-80.4595800"><time>2026-01-01T14:52:13Z</time></trkpt><trkpt lat="37.2484600" lon="-80.4595700"><time>2026-01-01T14:52:26Z</time></trkpt><trkpt lat="37.2484400" lon="-80.4595800"><time>2026-01-01T14:52:38Z</time></trkpt><trkpt lat="37.2484100" lon="-80.4596100"><time>2026-01-01T14:52:51Z</time></trkpt><trkpt lat="37.2483900" lon="-80.4596700"><time>2026-01-01T14:53:03Z</time></trkpt><trkpt lat="37.2483900" lon="-80.4597100"><time>2026-01-01T14:53:16Z</time></trkpt><trkpt lat="37.2484300" lon="-80.4598300"><time>2026-01-01T14:53:29Z</time></trkpt><trkpt lat="37.2484500" lon="-80.4598600"><time>2026-01-01T14:53:41Z</time></trkpt><trkpt lat="37.2485100" lon="-80.4598900"><time>2026-01-01T14:53:54Z</time></trkpt><trkpt lat="37.2485800" lon="-80.4599400"><time>2026-01-01T14:54:06Z</time></trkpt><trkpt lat="37.2486700" lon="-80.4600200"><time>2026-01-01T14:54:19Z</time></trkpt><trkpt lat="37.2487200" lon="-80.4600400"><time>2026-01-01T14:54:32Z</time></trkpt><trkpt lat="37.2487400" lon="-80.4600900"><time>2026-01-01T14:54:44Z</time></trkpt><trkpt lat="37.2487200" lon="-80.4601100"><time>2026-01-01T14:54:57Z</time></trkpt><trkpt lat="37.2486900" lon="-80.4601200"><time>2026-01-01T14:55:09Z</time></trkpt><trkpt lat="37.2486600" lon="-80.4601100"><time>2026-01-01T14:55:22Z</time></trkpt><trkpt lat="37.2485900" lon="-80.4600600"><time>2026-01-01T14:55:35Z</time></trkpt><trkpt lat="37.2485384" lon="-80.4600497"><time>2026-01-01T14:55:47Z</time></trkpt><trkpt lat="37.2481049" lon="-80.4597779"><time>2026-01-01T14:56:00Z</time></trkpt><trkpt lat="37.2480700" lon="-80.4597300"><time>2026-01-01T14:56:12Z</time></trkpt><trkpt lat="37.2480400" lon="-80.4597100"><time>2026-01-01T14:56:25Z</time></trkpt><trkpt lat="37.2480200" lon="-80.4596800"><time>2026-01-01T14:56:38Z</time></trkpt><trkpt lat="37.2479900" lon="-80.4596000"><time>2026-01-01T14:56:50Z</time></trkpt><trkpt lat="37.2479700" lon="-80.4595200"><time>2026-01-01T14:57:03Z</time></trkpt><trkpt lat="37.2479700" lon="-80.4593700"><time>2026-01-01T14:57:15Z</time></trkpt><trkpt lat="37.2479500" lon="-80.4593600"><time>2026-01-01T14:57:28Z</time></trkpt><trkpt lat="37.2479200" lon="-80.4593600"><time>2026-01-01T14:57:40Z</time></trkpt><trkpt lat="37.2479000" lon="-80.4593800"><time>2026-01-01T14:57:53Z</time></trkpt><trkpt lat="37.2478700" lon="-80.4594900"><time>2026-01-01T14:58:06Z</time></trkpt><trkpt lat="37.2478700" lon="-80.4595700"><time>2026-01-01T14:58:18Z</time></trkpt><trkpt lat="37.2479043" lon="-80.4596522"><time>2026-01-01T14:58:31Z</time></trkpt><trkpt lat="37.2467200" lon="-80.4589100"><time>2026-01-01T14:58:43Z</time></trkpt><trkpt lat="37.2467017" lon="-80.4589353"><time>2026-01-01T14:58:56Z</time></trkpt><trkpt lat="37.2463200" lon="-80.4586500"><time>2026-01-01T14:59:09Z</time></trkpt><trkpt lat="37.2459100" lon="-80.4584000"><time>2026-01-01T14:59:21Z</time></trkpt><trkpt lat="37.2459000" lon="-80.4584400"><time>2026-01-01T14:59:34Z</time></trkpt><trkpt lat="37.2454600" lon="-80.4594300"><time>2026-01-01T14:59:46Z</time></trkpt><trkpt lat="37.2450346" lon="-80.4598044"><time>2026-01-01T14:59:59Z</time></trkpt></trkseg></trk></gpx>